FID,name,year,acres,date,parentid
0,Kandik River,2005,154431.6,6/11/2005 0:00,0
1,HULT CREEK,1968,5317.6,7/26/1968 0:00,1
2,HAYSTACK MT,1968,20127.5,7/23/1968 0:00,2
3,LAWSON,1969,8129.8,7/14/1969 0:00,3
4,CALICO BLUFF,1969,25658.8,6/22/1969 0:00,4
5,MOUNTAIN CREEK,1969,17336.4,7/12/1969 0:00,5
6,Big Creek,1999,28634,6/27/1999 0:00,6
7,BEAVER CREEK,1967,5452.7,6/19/1967 0:00,7
8,BEAR MT,1966,57183.9,8/8/1966 0:00,8
9,PUPIK HILLS,1971,1956.8,6/25/1971 0:00,9
10,LONE MTN. W-15,1955,8240.2,7/26/1955 0:00,10
11,BETTLES #2,1959,15552.7,6/28/1959 0:00,11
12,PAH RIVER,1972,91892.5,7/8/1972 0:00,12
13,331639,1993,3619.7,7/19/1993 0:00,13
14,NABESNA,1993,3405.9,7/19/1993 0:00,14
15,WIEN LAKE,1968,27130.2,7/23/1968 0:00,15
16,TAL SW 65,1988,1079.1,7/16/1988 0:00,16
17,IN-ALASKA,1954,10772.2,8/10/1954 0:00,17
18,POLE,1993,11538.1,7/19/1993 0:00,18
19,Bakatigikh Mountain,2005,11736.5,6/16/2005 0:00,19
20,GAL SW 94,1994,5837.7,6/9/1994 0:00,20
21,INNOKO #2,1957,77494.5,6/25/1957 0:00,21
22,BONEY,1969,4115.7,7/19/1969 0:00,22
23,Eska,1942,13388.3,5/8/1942 0:00,23
24,Road Commission,1942,6437.6,5/13/1942 0:00,24
25,NIGIKMIGOON,1972,7295.3,7/9/1972 0:00,25
26,Yetna River,2002,80991.4,7/18/2002 0:00,26
27,SHAKTOLIK,1957,11909.9,6/10/1957 0:00,27
28,HALFWAY ROADHOUSE,1957,94818.7,6/8/1957 0:00,28
29,BEAVER #40,1954,3663.3,6/7/1954 0:00,29
30,9 MILE SLOUGH,1968,4320.7,7/23/1968 0:00,30
31,Big Creek,1999,1472,7/12/1999 0:00,31
32,Rock Slough,1943,5632.7,6/19/1943 0:00,32
33,Batza,1946,15202,7/20/1946 0:00,33
34,631588 Antelope Cr.,1996,8988.6,7/5/1996 0:00,34
35,TANANA E-17,1959,1695.1,6/19/1959 0:00,35
36,TELSITNA #2,1959,3276.6,6/19/1959 0:00,36
37,Tozitna River,2005,57723.9,7/29/2005 0:00,37
38,Coffee Can Lake,2007,39795.5,7/5/2007 0:00,38
39,Negeethluk River,2006,57314.5,5/31/2006 0:00,39
40,TAL NE 37,1991,20363.8,6/29/1991 0:00,40
41,Fork,1991,4056.9,6/29/1991 0:00,41
42,BearPaw  Mt.,2000,36777.2,6/24/2000 0:00,42
43,Spike SE 6,1988,2377.7,6/30/1988 0:00,43
44,LIV N 18,1991,48564.7,6/22/1991 0:00,44
45,PAH RIVER,1959,4156.9,6/21/1959 0:00,45
46,100 Mile Creek,1996,79732.8,5/29/1996 0:00,46
47,Frozen Calf,1996,2546.4,6/17/1996 0:00,47
48,YUKON,1972,2295.9,7/31/1972 0:00,48
49,OLD WOMAN,1976,1545.7,6/14/1976 0:00,49
50,Wild,2007,2119.7,7/8/2007 0:00,50
51,Jagged Ridge,2009,53889.4,7/26/2009 0:00,51
52,MAXIM,1972,2092.7,7/8/1972 0:00,52
53,VREELAND,1967,3320.3,5/29/1967 0:00,53
54,X-MAS CREEK,1968,6661.2,7/23/1968 0:00,54
55,BETTLES #1,1959,3878.1,6/28/1959 0:00,55
56,BETTLES #5,1959,2456.3,6/28/1959 0:00,56
57,CLOUDY MT,1972,2129.8,7/8/1972 0:00,57
58,Uvgoon Creek #2,1999,88640.2,6/26/1999 0:00,58
59,Edwards Creek,2004,278116,6/14/2004 0:00,59
60,Wellesley,1991,18768.1,6/21/1991 0:00,60
61,WALSH,1956,12014.3,6/14/1956 0:00,61
62,Beaver Creek #1,2005,7099.9,6/17/2005 0:00,62
63,Pah River Flats,2005,1151.5,6/16/2005 0:00,63
64,BEAR,1969,388814.4,6/21/1969 0:00,64
65,7 MILE ISLE,1968,2698.5,7/23/1968 0:00,65
66,FUNNEL CREEK,1967,4664.9,6/17/1967 0:00,66
67,TAKOTNA,1957,18215.7,6/27/1957 0:00,67
68,BLACK RIVER,1967,3457.5,6/19/1967 0:00,68
69,DUNE LAKE,1981,147524.2,5/18/1981 0:00,69
70,Wilson Camp,1981,14884.8,6/17/1981 0:00,70
71,ALATNA,1954,18906.4,7/19/1954 0:00,71
72,GINGER,1974,4728.8,6/23/1974 0:00,72
73,Talbiksok,2005,82123,8/2/2005 0:00,73
74,MONTAUK BLUFF,1969,15783,6/23/1969 0:00,74
75,REDOUBT,1972,1390.3,7/13/1972 0:00,75
76,KAN,1971,22786,6/21/1971 0:00,76
77,DIAMOND,1972,1397,7/14/1972 0:00,77
78,COLLINS,1969,20625.3,7/8/1969 0:00,78
79,ANDREAFSKY RIVER,1962,1040.3,7/19/1962 0:00,79
80,South Kotol MT.,1953,10406.6,7/28/1953 0:00,80
81,Mile 53 Taylor Fire,1953,15228.9,5/31/1953 0:00,81
82,SNO WHITE,1974,3899,6/21/1974 0:00,82
83,SPARREVOHN #3,1957,14064,6/8/1957 0:00,83
84,832015,1988,558929,6/11/1988 0:00,84
85,CEM E 55,1991,37833.5,6/25/1991 0:00,85
86,Porcupine,2003,1195.1,6/14/2003 0:00,86
87,SPARREVOHN #4,1957,6436.9,6/8/1957 0:00,87
88,HADWEEZIC,1974,2488,8/3/1974 0:00,88
89,Menotl East,2005,15814.3,7/26/2005 0:00,89
90,531028,1985,1216.9,8/1/1985 0:00,90
91,Live Trap Lake,2009,1664.9,5/25/2009 0:00,91
92,Unknown,2009,2800.3,5/26/2009 0:00,92
93,Beaver Creek Fire,1953,14058.7,7/27/1953 0:00,93
94,LAKE CREEK,1969,58413,7/9/1969 0:00,94
95,Coleen Mountain,2005,114814.1,7/24/2005 0:00,95
96,SND DUNE W 3,1981,4300.3,6/17/1981 0:00,96
97,Tanacross Fire,1947,1827.8,7/21/1947 0:00,97
98,BRIDGE,1972,239326.1,7/13/1972 0:00,98
99,KANDIK,1958,25261.7,6/4/1958 0:00,99
100,LANDING,1972,2042.9,7/11/1972 0:00,100
101,SHEEHIJEK #1,1959,9582.1,6/25/1959 0:00,101
102,HOLANADA CREEK,1969,614642.4,6/21/1969 0:00,102
103,VENETIE N-15,1957,17281.3,6/15/1957 0:00,103
104,KAIYAK,1972,5576.4,7/13/1972 0:00,104
105,IDITAROD SW-8,1957,1255.5,6/12/1957 0:00,105
106,GOLDSTREAM #1,1958,2965.5,5/30/1958 0:00,106
107,MINCHUMINA NW-25,1958,26103.1,6/2/1958 0:00,107
108,BONE CREEK,1958,2017,6/4/1958 0:00,108
109,FAIRBANKS CREEK NE-7,1958,23208.2,6/3/1958 0:00,109
110,SMALL LAKE S-16,1958,30723.1,7/21/1958 0:00,110
111,FROZEN FOOT,1993,1097.5,7/20/1993 0:00,111
112,HUGGINS ISLAND W-10,1959,8792,6/21/1959 0:00,112
113,HUGHES N-9,1959,3908.3,6/20/1959 0:00,113
114,732076,1987,38571.1,6/24/1987 0:00,114
115,40 Mile Yukon,1953,168727.7,7/30/1953 0:00,115
116,Jeannes Lake,2010,17080.6,5/27/2010 0:00,116
117,Mississippi,2013,67424.7,5/30/2013 0:00,117
118,Birch Creek,2013,24923.5,7/3/2013 0:00,118
119,Evaingiknuk,2010,5297.9,7/2/2010 0:00,119
120,Fryingpan Creek,2010,2707.1,5/25/2010 0:00,120
121,Mississippi Impact Area,2010,3968.7,5/17/2010 0:00,121
122,STONEY RIVER,1959,7904.6,6/22/1959 0:00,122
123,TAYLOR MTN SE 10,1959,3622.6,6/22/1959 0:00,123
124,LIVENGOOD SW-10,1958,4889.6,6/4/1958 0:00,124
125,South Schwatka,2010,1053.9,5/27/2010 0:00,125
126,Big Fish Lake,2013,1064.5,7/15/2013 0:00,126
127,Caribou Creek,2013,1436.4,8/11/2013 0:00,127
128,Kungiakrok Creek,2012,12855.5,7/3/2012 0:00,128
129,Moore Creek,2013,157747.3,5/31/2013 0:00,129
130,Sischu 2,2010,2740.7,5/28/2010 0:00,130
131,Popavich,2010,1956.5,5/26/2010 0:00,131
132,Yuki River,2010,9382.9,6/24/2010 0:00,132
133,Redlands Lake,2010,3058.9,9/25/2010 0:00,133
134,Kiliovilik Range,2010,2757.6,7/2/2010 0:00,134
135,Kiliovilik Creek,2010,17207.1,6/24/2010 0:00,135
136,SWANSON RIVER,1969,85306,8/3/1969 0:00,136
137,RUSSIAN RIVER,1969,2041,6/14/1969 0:00,137
138,PIPELINE,1974,2988.8,8/22/1974 0:00,138
139,Kristin Creek,2013,16746.8,6/18/2013 0:00,139
140,Chisana River,2013,46637.5,5/31/2013 0:00,140
141,Hammer Creek,2013,4265.9,6/27/2013 0:00,141
142,Innoko 1,2013,1542.1,6/28/2013 0:00,142
143,Tetlin Jct Ridge,2013,20744,6/26/2013 0:00,143
144,HORSEFLY,2007,2118.9,7/3/2007 0:00,144
145,MOREN DOME,1968,23055.6,7/22/1968 0:00,145
146,Middle Fork Kuskokwim,1951,30061.8,7/14/1951 0:00,146
147,NORTHWAY SOUTH,1954,3205.4,8/10/1954 0:00,147
148,Muddy River Fire,1951,17936.5,6/21/1951 0:00,148
149,Badger Road,1951,1936.4,5/21/1951 0:00,149
150,Kanuti - Bay Rivers,1950,31615.1,8/16/1950 0:00,150
151,Lost Horse Creek,2005,1866.6,6/28/2005 0:00,151
152,DEAD HORSE,1976,7013.8,8/2/1976 0:00,152
153,HSL E 20,1979,8881,6/4/1979 0:00,153
154,Hay Flats - Fairview Road,1950,7416.1,11/26/1950 0:00,154
155,26 Mile - Eielson,1950,1747.6,6/17/1950 0:00,155
156,Fort Yukon #1,1950,3201.2,5/24/1950 0:00,156
157,PUTT,1971,8418.4,6/27/1971 0:00,157
158,Clear Creek,1950,2595.5,6/16/1950 0:00,158
159,Black Rapids,1950,4233.3,6/5/1950 0:00,159
160,Little Delta River,2006,14095.1,5/15/2006 0:00,160
161,Buffalo,1942,5578.3,5/18/1942 0:00,161
162,Pimingo,1971,7283.6,6/24/1971 0:00,162
163,Eagle #1,1950,13134.8,6/18/1950 0:00,163
164,CAIRN 4,1971,21799.5,6/24/1971 0:00,164
165,Slow Fork Fire,1998,20063.6,6/30/1998 0:00,165
166,Hughes Creek,2005,22435.1,7/28/2005 0:00,166
167,Billy Hawk Creek #1,2005,1851,6/15/2005 0:00,167
168,832083,1988,15601.1,7/15/1988 0:00,168
169,BOLIO,1981,20418.1,3/18/1981 0:00,169
170,TOLOVANA,1981,29184.7,6/13/1981 0:00,170
171,UPPER MELOZITNA,1957,19029.7,7/20/1957 0:00,171
172,WINDY CREEK,1996,9938.9,6/15/1996 0:00,172
173,Black,1991,2742.8,7/2/1991 0:00,173
174,MILLERS REACH 2,1996,37355.7,6/2/1996 0:00,174
175,Bear Island,1986,4652.7,6/27/1986 0:00,175
176,Melozitna River,1951,3924.9,6/23/1951 0:00,176
177,BTT NE 22,1984,1833.5,6/19/1984 0:00,177
178,PURCELL MOUNTAIN,1954,92626.6,6/8/1954 0:00,178
179,Big Delta Fire,1951,23178.7,8/11/1951 0:00,179
180,Salchaket Slough,1950,8982.6,9/7/1950 0:00,180
181,131521,1991,2731,6/28/1991 0:00,181
182,Gardiner Creek,1998,32687.4,7/2/1998 0:00,182
183,DCK SSW 21,1993,1016.8,6/1/1993 0:00,183
184,Hot Springs Creek 2,2007,4847.6,7/6/2007 0:00,184
185,TIRE,1972,7023.3,7/10/1972 0:00,185
186,FLAZ,1972,2789.5,7/10/1972 0:00,186
187,ALAMEDA,1970,1982.3,7/4/1970 0:00,187
188,Steven`s Village,1950,3168.2,8/13/1950 0:00,188
189,Columbia Creek,1950,3124,8/22/1950 0:00,189
190,Goose Slough,2008,2564.4,7/8/2008 0:00,190
191,TITNA,1957,113486.8,6/23/1957 0:00,191
192,TELIDA LAKE,1958,2922,6/4/1958 0:00,192
193,Slippery River Fire,1952,2690.3,6/21/1952 0:00,193
194,Noatak Grand Canyon,2012,4625.6,6/5/2012 0:00,194
195,Klikhtentozna Creek,2010,3488.1,7/9/2010 0:00,195
196,Prospect Creek,2013,64078.5,6/20/2013 0:00,196
197,Pothole,1991,9213.6,5/19/1991 0:00,197
198,Bull Creek,2010,41911.3,5/31/2010 0:00,198
199,Sischu 1,2010,1432.7,5/28/2010 0:00,199
200,South Fork Healy,2010,2204.7,5/28/2010 0:00,200
201,Can Creek,2013,6590.1,7/28/2013 0:00,201
202,McKinley River East,2013,4441.6,6/28/2013 0:00,202
203,Knifeblade Ridge,2012,3618.8,6/18/2012 0:00,203
204,Marie Creek,2012,9667.8,6/5/2012 0:00,204
205,Sethkokna,2013,3990.2,8/2/2013 0:00,205
206,Stuart Creek 2,2013,87154.3,6/19/2013 0:00,206
207,Kanuti River 1,2013,1823.4,6/20/2013 0:00,207
208,Gagaryah 2,2013,4733,7/30/2013 0:00,208
209,Big Mountain,2010,83746.5,6/2/2010 0:00,209
210,Sheenjek 2,2010,1420.4,5/28/2010 0:00,210
211,ANVIK RIVER 1,1962,7471.6,7/20/1962 0:00,211
212,BONASILA,1957,288150.8,6/23/1957 0:00,212
213,ANVIK RIVER,1957,399199,6/23/1957 0:00,213
214,SISTERS,1972,11210,7/10/1972 0:00,214
215,Stuyahok River,1940,12865.4,12/31/1940 0:00,215
216,Willow Creek,2010,13766,6/10/2010 0:00,216
217,100 Mile Creek,2014,23270.2,5/13/2014 0:00,217
218,Takhakhdona Hills,2010,5902.9,6/23/2010 0:00,218
219,Hidden Creek,1996,5160.9,5/11/1996 0:00,219
220,DILLINGER,1972,12939.6,7/8/1972 0:00,220
221,WELL,1972,28096.8,7/7/1972 0:00,221
222,Eli River,2010,15213.3,7/3/2010 0:00,222
223,Sidik Lake,2010,18188.8,6/10/2010 0:00,223
224,Hawk River,1997,8468.5,6/26/1997 0:00,224
225,Big Yetna,2004,93998.4,7/8/2004 0:00,225
226,MHM N 25,1991,42402,6/27/1991 0:00,226
227,Currant Creek,2013,1868.5,6/26/2013 0:00,227
228,Oskawalik,2009,4802.4,5/25/2009 0:00,228
229,Siruk Creek,2013,20362.7,6/21/2013 0:00,229
230,Selatna River,2013,1211.1,8/1/2013 0:00,230
231,Whitefish Lake,2013,4310.2,7/28/2013 0:00,231
232,Koness River,2012,1679.3,6/26/2012 0:00,232
233,Koness,2013,1533,7/15/2013 0:00,233
234,Titna,2013,3857.3,6/27/2013 0:00,234
235,Mardow Creek,2009,8753.8,7/18/2009 0:00,235
236,IAN N 63,1983,5105.5,6/27/1983 0:00,236
237,SHORT,1977,3893.4,7/17/1977 0:00,237
238,IAN N 55,1984,6457.7,6/25/1984 0:00,238
239,WTK NE 50,1984,1651.2,6/25/1984 0:00,239
240,AKULIK RIVER,1972,8353.2,7/8/1972 0:00,240
241,FBK NE 37,1994,1014.3,8/8/1994 0:00,241
242,UPPER TATALINA,1957,43257.4,6/14/1957 0:00,242
243,Tagagawik River #3,2009,1720.8,7/22/2009 0:00,243
244,Dagitli River,2009,3177.5,6/19/2009 0:00,244
245,Wood River 1,2009,125381.6,7/12/2009 0:00,245
246,Senatis Mountain,2009,3143.6,7/5/2009 0:00,246
247,Stevens Creek 1,2009,85908.9,6/18/2009 0:00,247
248,Bering Creek 2,2009,47435.4,7/7/2009 0:00,248
249,Titna River,2009,164541.9,7/11/2009 0:00,249
250,GMT S 12,1977,206158,7/23/1977 0:00,250
251,32051,1990,66443,8/8/1990 0:00,251
252,Little Black One,2009,349451.3,6/20/2009 0:00,252
253,GAGARYAH 3,1994,4349.2,6/14/1994 0:00,253
254,ROUND,1990,50001.2,7/2/1990 0:00,254
255,JOINED,1990,5372.3,7/2/1990 0:00,255
256,AVAN,1972,4870.4,7/13/1972 0:00,256
257,NALUK,1972,5935.6,7/11/1972 0:00,257
258,SHAGELUK E,1957,705213.5,7/1/1957 0:00,258
259,Kantishna River,2009,31338.4,5/23/2009 0:00,259
260,Dillinger,2009,23911.8,5/26/2009 0:00,260
261,LITTLE MUD RIVER,1972,10207.1,7/8/1972 0:00,261
262,KHOTOL MT,1968,10855.1,7/26/1968 0:00,262
263,832086,1988,23725.6,7/16/1988 0:00,263
264,TAL SE 80,1990,3353.6,7/6/1990 0:00,264
265,Smitty,1972,1573.3,7/11/1972 0:00,265
266,POM,1972,1351.7,7/11/1972 0:00,266
267,Hoho,1988,38275.7,7/3/1988 0:00,267
268,LEAF,1971,12581.8,6/25/1971 0:00,268
269,PASTOLIK,1973,4159.8,7/3/1973 0:00,269
270,HALFWAY,1972,1608.1,7/9/1972 0:00,270
271,ROCK CREEK,1990,10894,7/3/1990 0:00,271
272,ANCHOR,1993,2730.7,5/31/1993 0:00,272
273,GAGARYAH 2,1994,3078.3,6/13/1994 0:00,273
274,MHM SW 60,1986,1491.3,7/9/1986 0:00,274
275,FAI E 35,1980,3668.6,5/26/1980 0:00,275
276,Ft. Greely 1,1979,109268.2,5/15/1979 0:00,276
277,HSL SE 38,1979,2614.4,6/6/1979 0:00,277
278,NVK NE 4,1979,1274.6,6/6/1979 0:00,278
279,Kigalik River,2012,2050,6/18/2012 0:00,279
280,Kucher Creek,2012,18850.2,6/18/2012 0:00,280
281,22 MILE CABIN,1968,1042.2,8/6/1968 0:00,281
282,BULLFROG,1968,1716.6,7/24/1968 0:00,282
283,Sheenjek,2009,62658.1,7/2/2009 0:00,283
284,132225,1991,3295.3,6/8/1991 0:00,284
285,Old,1991,4616,7/2/1991 0:00,285
286,MCLEAN CREEK,2010,14089.8,5/29/2010 0:00,286
287,North Fork,2010,12187.6,5/28/2010 0:00,287
288,Chakina,2009,56413.4,7/2/2009 0:00,288
289,J C MOOSE,1974,4761.6,6/23/1974 0:00,289
290,CIK E 24,1986,7720.8,7/6/1986 0:00,290
291,NAGEETHLUK,1973,10484.2,9/6/1973 0:00,291
292,TAL S 76,1990,6934.3,7/16/1990 0:00,292
293,TAL S 78,1990,1725.5,7/8/1990 0:00,293
294,32044,1990,3611,7/1/1990 0:00,294
295,PORCUPINE,1990,11670.3,7/6/1990 0:00,295
296,MINTO FLATS,1995,6549.9,7/14/1995 0:00,296
297,OTZ NE 85,1994,1527.3,6/13/1994 0:00,297
298,NECONS,1969,5107,6/29/1969 0:00,298
299,HALF CABIN,1974,15252.2,7/4/1974 0:00,299
300,HOHOLITNA,1972,1102.5,7/10/1972 0:00,300
301,BALDWIN,1972,1870.4,7/11/1972 0:00,301
302,MELLICK,1972,3907.4,7/8/1972 0:00,302
303,YUKI RIVER,1968,2114.7,7/26/1968 0:00,303
304,Rabbit Creek 2,2010,5544,6/24/2010 0:00,304
305,SWIFT,1993,29311.7,7/12/1993 0:00,305
306,SELATNA,1985,6621.9,7/30/1985 0:00,306
307,BELTON,1972,6466.4,7/9/1972 0:00,307
308,Sled Roads,1996,4535.7,6/18/1996 0:00,308
309,DISHNA,1990,4502.5,7/1/1990 0:00,309
310,ELLA,1971,28028,6/29/1971 0:00,310
311,MEINZER CREEK,1972,2239.7,7/10/1972 0:00,311
312,Tonclonukna Creek,2009,164318.2,5/23/2009 0:00,312
313,Bearpaw,2009,16585.6,7/12/2009 0:00,313
314,Rex Creek,2009,101149.8,8/2/2009 0:00,314
315,Rok North,2010,13105.5,7/2/2010 0:00,315
316,AIRPORT,1972,2947.9,7/8/1972 0:00,316
317,Bull Creek,2009,17224.9,7/25/2009 0:00,317
318,Paddle,2009,41742.9,7/23/2009 0:00,318
319,TAK,1971,5910.7,6/24/1971 0:00,319
320,CDL E 33,1977,31786.7,7/23/1977 0:00,320
321,MHM SE 27,1986,2460.6,7/4/1986 0:00,321
322,TAL SW 37,1984,2461.6,6/23/1984 0:00,322
323,CHARLIE,1972,9141.6,7/7/1972 0:00,323
324,DRY CANYON,1977,46125.6,7/9/1977 0:00,324
325,CLEAR,2000,2778.3,6/24/2000 0:00,325
326,431535,1994,4576.8,8/6/1994 0:00,326
327,Derby Creek,2010,23577.2,6/23/2010 0:00,327
328,TAL S 32,1991,26369.7,6/6/1991 0:00,328
329,MHM SE 27,1986,23112.1,7/5/1986 0:00,329
330,MHM ESE 23,1986,4559.8,7/5/1986 0:00,330
331,632010,1986,28045.2,6/14/1986 0:00,331
332,631005,1986,15421.8,7/3/1986 0:00,332
333,KATEEL RIVER,1972,9830,7/13/1972 0:00,333
334,KALL,1972,1907.4,7/15/1972 0:00,334
335,OTTER,1970,2551.4,7/3/1970 0:00,335
336,ENGLAND,1971,25779.4,6/24/1971 0:00,336
337,Hardluck Creek,2009,12850,8/3/2009 0:00,337
338,COTTON,1970,1448.2,7/3/1970 0:00,338
339,BETTLES,1972,2496.8,7/12/1972 0:00,339
340,Tough,1997,2782.9,6/23/1997 0:00,340
341,SELBY LAKE,1971,6383,6/25/1971 0:00,341
342,Mauneluk River,1972,1421.4,7/13/1972 0:00,342
343,Continental,2009,1138.9,7/22/2009 0:00,343
344,Bluff Creek,2009,41755.8,7/26/2009 0:00,344
345,ANVIK RIVER,1976,1925.5,6/13/1976 0:00,345
346,Birch Creek,2010,2181.6,6/21/2010 0:00,346
347,Foraker Pond,2009,20276.6,6/17/2009 0:00,347
348,Big River,2009,33261.9,7/2/2009 0:00,348
349,Fish River,2011,32129.5,5/26/2011 0:00,349
350,Kiliovilik River,2011,1516.3,6/11/2011 0:00,350
351,Puzzle Gulch,2009,2054.6,7/25/2009 0:00,351
352,DUDLEY,1970,5059.2,7/4/1970 0:00,352
353,Kuparuk,2007,1692.6,7/14/2007 0:00,353
354,LOOP,1977,32821,7/14/1977 0:00,354
355,CANE,1972,2440,7/13/1972 0:00,355
356,YELLOWHEAD,1972,2215.5,7/8/1972 0:00,356
357,INNOKO FLAT,1969,35820.9,6/26/1969 0:00,357
358,IDITAROD,1972,7719.9,7/7/1972 0:00,358
359,CHEENEETNUK RIVER,1963,1695.7,7/9/1963 0:00,359
360,Makpik Creek,2010,9908.5,7/3/2010 0:00,360
361,KETLKEDE CREEK,1968,1271.6,7/26/1968 0:00,361
362,GMT NNW 12,1977,11303.9,7/23/1977 0:00,362
363,31056,1990,3302.3,8/8/1990 0:00,363
364,KERULUK CREEK,1970,21179.3,7/4/1970 0:00,364
365,CASCADE LAKE,1970,11319.2,7/5/1970 0:00,365
366,SHUK,1970,2517.7,7/7/1970 0:00,366
367,OCTOPUS,1970,1374.8,7/3/1970 0:00,367
368,SAND DUNES,1972,44825.9,7/8/1972 0:00,368
369,NULITNA RIVER,1968,14717.4,7/26/1968 0:00,369
370,BEARPAW MTN NW-12,1957,59343,7/11/1957 0:00,370
371,Johnson River,1972,1576,7/10/1972 0:00,371
372,CEM E 30,1979,10636.6,6/7/1979 0:00,372
373,FYU S 30,1979,5869.5,6/7/1979 0:00,373
374,STV SE 18,1979,2253.1,6/8/1979 0:00,374
375,SWIFT RIVER,1957,25179.8,7/10/1957 0:00,375
376,MULCHATNA,1981,5098.9,6/18/1981 0:00,376
377,Coal Creek,2011,23918.4,5/21/2011 0:00,377
378,CEM S 13,1990,7375.3,7/3/1990 0:00,378
379,GALATEA,1968,2690.4,8/9/1968 0:00,379
380,LAST CHANCE,1968,7712,8/5/1968 0:00,380
381,APPLE MTN,1972,2168.1,7/8/1972 0:00,381
382,Torment Creek,2009,3434.6,7/4/2009 0:00,382
383,414060,1984,1308.7,6/23/1984 0:00,383
384,Ferguson Farm,1980,8244.4,5/10/1980 0:00,384
385,OKSTAKUK,1980,1722.6,7/23/1980 0:00,385
386,BLAIR LAKES,1980,118458.9,5/17/1980 0:00,386
387,Hoholitna,2009,8617.2,5/26/2009 0:00,387
388,LITTLE OVERFLOW,1969,2989.8,6/22/1969 0:00,388
389,CONNALLY CREEK,1972,4766.2,7/14/1972 0:00,389
390,Beluga #1,1943,1810.1,5/30/1943 0:00,390
391,Carlson Lake Fire,1953,1043.6,6/3/1953 0:00,391
392,BEAVER CREEK,1956,7358.7,7/13/1956 0:00,392
393,Russian,1991,3785.7,6/29/1991 0:00,393
394,GURKY,1968,65949.6,7/24/1968 0:00,394
395,DCK S 32,1991,5030.6,6/8/1991 0:00,395
396,2 MILE YUKON,1981,4197.4,6/15/1981 0:00,396
397,31031,1990,2998.1,7/2/1990 0:00,397
398,Dennison/Taylor,1999,6666.2,6/12/1999 0:00,398
399,Sagavanirktok,2007,3160.5,9/7/2007 0:00,399
400,Monopoly Creek,1981,2613.2,6/16/1981 0:00,400
401,TEN TEN,1971,7876.4,6/29/1971 0:00,401
402,Read Fire,1951,1046.1,7/16/1951 0:00,402
403,912007,1979,33552.7,5/10/1979 0:00,403
404,SELB SE 17,1978,2256.1,6/1/1978 0:00,404
405,TELIDA MT,1977,8213.3,6/12/1977 0:00,405
406,SWIFT FORK,1977,2744.9,7/6/1977 0:00,406
407,Delta Barley 7,1979,3315.7,10/2/1979 0:00,407
408,431299,1994,3291.7,6/13/1994 0:00,408
409,GAL NE 38,1994,3438.2,6/14/1994 0:00,409
410,Circle City Fire,1950,42909.1,7/21/1950 0:00,410
411,Betttles Field Fire,1946,88763.6,7/8/1946 0:00,411
412,Indian Grave,1999,1734,6/12/1999 0:00,412
413,131520,1991,3161.7,6/28/1991 0:00,413
414,31026,1990,2609,7/1/1990 0:00,414
415,HOLOKUK #1,1957,1194.8,6/14/1957 0:00,415
416,RIDGE TOP,1969,308392.6,6/23/1969 0:00,416
417,WIEN LAKE,1971,62538.1,6/22/1971 0:00,417
418,NIUKLUK RIVER,1971,22197.2,6/26/1971 0:00,418
419,Bitshtini Mountain,1971,3422.7,6/26/1971 0:00,419
420,GOLD STREAM,1966,6940.6,8/12/1966 0:00,420
421,CIRCLE,1979,12524.8,8/1/1979 0:00,421
422,WILLARD,1979,3268.1,8/11/1979 0:00,422
423,Kachelmier,1979,1407,5/16/1979 0:00,423
424,Delta Barley 8,1979,6218.2,10/16/1979 0:00,424
425,Little Creek,2008,15804.3,7/6/2008 0:00,425
426,Sheenjek River,2008,8766.3,6/29/2008 0:00,426
427,MHM SE 36,1993,5303.9,6/3/1993 0:00,427
428,31041,1990,4903.2,7/7/1990 0:00,428
429,Susulatna,2009,16386.9,5/26/2009 0:00,429
430,HUNGER,1970,19210.9,7/4/1970 0:00,430
431,CASSIER,1990,3206.6,7/3/1990 0:00,431
432,LAKE 606,1959,1558.4,6/20/1959 0:00,432
433,KOBUK #3,1959,18411.2,6/22/1959 0:00,433
434,KOBUK #4,1959,17980.8,6/22/1959 0:00,434
435,CIRCLE S.10,1954,14160.4,7/17/1954 0:00,435
436,Circle,1946,34930.5,8/7/1946 0:00,436
437,EUREKA CREEK,1972,1224.3,7/2/1972 0:00,437
438,Saddle,2005,129634,8/2/2005 0:00,438
439,Little Mud River #2,2005,30170.7,7/27/2005 0:00,439
440,Yetna,2005,50079.1,8/2/2005 0:00,440
441,Papa Willie Creek,2005,112705.5,7/26/2005 0:00,441
442,131356,1991,4641.7,6/22/1991 0:00,442
443,REDUNDANT,1974,15557.5,6/22/1974 0:00,443
444,FYU N 37,1986,23688.4,7/4/1986 0:00,444
445,Tolovana River #2,1999,18745.4,7/4/1999 0:00,445
446,331662,1993,3738.1,7/21/1993 0:00,446
447,STV S 10,1979,3206.2,6/7/1979 0:00,447
448,Tvativak,1997,2400.7,6/23/1997 0:00,448
449,LITTLE BEAR,1972,10375.7,7/8/1972 0:00,449
450,UNKE29,1993,2924.4,7/22/1993 0:00,450
451,BIG CREEK,1959,26001.3,6/21/1959 0:00,451
452,531053,1985,2616.4,7/17/1985 0:00,452
453,Swamp Creek,2009,6590.6,6/9/2009 0:00,453
454,Cobalt,2009,1358.1,6/13/2009 0:00,454
455,Grand Creek,1999,2654.1,7/14/1999 0:00,455
456,IDITAROD,1967,2595.3,8/8/1967 0:00,456
457,AHTELL CREEK,1967,2257.1,7/15/1967 0:00,457
458,Herron River,2001,6247.8,6/26/2001 0:00,458
459,Chapman Creek,2005,171621.4,5/30/2005 0:00,459
460,Meshik River,2006,1612.7,5/22/2006 0:00,460
461,131569,1991,233101,6/30/1991 0:00,461
462,Swan Lake,2007,1957.4,7/30/2007 0:00,462
463,Donnelly Flats,1999,18719.7,6/11/1999 0:00,463
464,Hodzana,1999,4380.2,6/12/1999 0:00,464
465,FYUN60,1993,26386.6,7/15/1993 0:00,465
466,W.Kamishak Bay,2003,1284.8,5/1/2003 0:00,466
467,NATION RIVER,1957,4727.1,6/18/1957 0:00,467
468,MINIKAKOSA,1969,85014.3,6/22/1969 0:00,468
469,MT HURST W-10,1959,4046.5,6/22/1959 0:00,469
470,NENANA W-30,1958,8774.3,7/11/1958 0:00,470
471,TOLVANA SE-5,1958,1243.1,7/11/1958 0:00,471
472,DRY CREEK,1958,17646.7,7/12/1958 0:00,472
473,FROZEN FOOT,1990,4183.2,7/6/1990 0:00,473
474,Monkey Boy,1996,1141.1,6/17/1996 0:00,474
475,FYU NE 85,1990,433768.3,6/29/1990 0:00,475
476,Rabbit Mountain,2005,228874.1,7/24/2005 0:00,476
477,CEMSE34,1993,17111.4,6/15/1993 0:00,477
478,Chandalar River,1943,7707.3,7/12/1943 0:00,478
479,Dahl River,1946,2444.4,7/12/1946 0:00,479
480,DUD FIRE,1971,2461,7/14/1971 0:00,480
481,HOLIDAY CREEK,1971,1742.4,6/22/1971 0:00,481
482,CIK E 30,1986,16053.3,7/1/1986 0:00,482
483,MHM SE 36,1986,1419.6,7/5/1986 0:00,483
484,ALPS,1975,7252.9,7/10/1975 0:00,484
485,WICKERSHAME DOME,1971,13784,6/24/1971 0:00,485
486,Sand Dune,1946,17705.8,7/19/1946 0:00,486
487,Rogers Creek,1946,2685.1,7/12/1946 0:00,487
488,SALMON RIVER,1959,4156,6/30/1959 0:00,488
489,Broken Snowshoe,2009,25339.5,5/24/2009 0:00,489
490,Little Black,2007,3622.1,7/8/2007 0:00,490
491,FLAT NW-2,1959,1267,6/20/1959 0:00,491
492,POKTOVIK,1972,5461.3,7/13/1972 0:00,492
493,FYU W 75,1979,23091.7,6/7/1979 0:00,493
494,NORTH POLE,1958,8417.5,6/14/1958 0:00,494
495,Woodchopper Creek,2004,14901.5,6/26/2004 0:00,495
496,CEMWNW93,1993,2674.4,6/30/1993 0:00,496
497,FVM SW 8,1977,20060.1,7/28/1977 0:00,497
498,BTT WSW 84,1991,190798.7,6/29/1991 0:00,498
499,INLAND,1977,27603.3,7/16/1977 0:00,499
500,BANANZA,1968,20942.3,7/21/1968 0:00,500
501,VENETI LANDING,1969,4320.9,6/19/1969 0:00,501
502,THOMPSON SLOUGH,1969,84471.9,5/26/1969 0:00,502
503,BIG RIVER,1969,5772.4,6/18/1969 0:00,503
504,EDGERTON,1969,3743.4,5/25/1969 0:00,504
505,Jessica,1999,49333.6,6/13/1999 0:00,505
506,KENNEBEC,1982,32230.3,6/26/1982 0:00,506
507,Beverly,1999,20753.3,6/12/1999 0:00,507
508,Witch,1999,47778.8,6/12/1999 0:00,508
509,Babantaltlin Hills,2005,19099.2,6/16/2005 0:00,509
510,Little Mud River #1,2005,35577.2,7/25/2005 0:00,510
511,INGLUTALIK,1971,22795,6/28/1971 0:00,511
512,BLUFF RIDGE,1969,14747.1,6/10/1969 0:00,512
513,UNGALIK (GISASA),1957,65116,6/9/1957 0:00,513
514,PAH RIVER,1977,53339.6,7/30/1977 0:00,514
515,BLUEBELL,1971,2459.8,6/28/1971 0:00,515
516,ANC NW 500,1971,64561.6,6/29/1971 0:00,516
517,Kanuti River,1953,16145.7,6/4/1953 0:00,517
518,NATION RIVER,1967,7045.1,6/16/1967 0:00,518
519,Birch Creek,1944,96142.1,7/5/1944 0:00,519
520,WOODCHOPPER W-10,1957,11502.1,8/8/1957 0:00,520
521,Pingo,1999,42110.7,6/13/1999 0:00,521
522,BUTTE CREEK,1969,469184.8,6/10/1969 0:00,522
523,Coal Creek #2,1950,23939.8,7/24/1950 0:00,523
524,Chitanana River,2009,1346.5,5/26/2009 0:00,524
525,Chitsia,2000,9334.4,6/26/2000 0:00,525
526,332557,1993,209680.9,7/14/1993 0:00,526
527,Foraker,2000,16931.2,6/23/2000 0:00,527
528,Upper Otter Creek,2000,5203.9,6/25/2000 0:00,528
529,WEST FORK,1966,193762.8,7/23/1966 0:00,529
530,MILITARY #7,1990,15642,6/28/1990 0:00,530
531,MILITARY #6,1990,7567,6/28/1990 0:00,531
532,Trout Creek,2005,6267.6,6/13/2005 0:00,532
533,Big Rex,1991,1497.7,6/13/1991 0:00,533
534,CHP ENE 34,1986,44749.2,6/29/1986 0:00,534
535,WOODSCEW,1972,6903.3,7/13/1972 0:00,535
536,Charley River S. #2,1950,17954.7,7/24/1950 0:00,536
537,Woodchopper Creek,1950,7225.9,6/16/1950 0:00,537
538,Charley River N,1950,13814,7/24/1950 0:00,538
539,ROKETALOI,1997,29659.9,7/3/1997 0:00,539
540,UNK-E-55,1983,18562.4,6/21/1983 0:00,540
541,Nation River,2004,76380.7,6/15/2004 0:00,541
542,132339,1991,35313.5,6/21/1991 0:00,542
543,Norutak Hills #2,2004,15781.1,7/21/2004 0:00,543
544,NATION,1968,5511.9,6/13/1968 0:00,544
545,WOOD CHOPPER,1967,13569.3,6/18/1967 0:00,545
546,HOTHAM,1972,4468.5,7/10/1972 0:00,546
547,CURTIS,1969,38277.2,7/9/1969 0:00,547
548,132564,1991,3322,6/30/1991 0:00,548
549,BTT S 17,1991,38877.3,6/30/1991 0:00,549
550,Otter Creek,2000,10071.9,6/24/2000 0:00,550
551,Dawn Creek,2002,2548.5,7/20/2002 0:00,551
552,MHM NW 24,1986,12429.8,7/4/1986 0:00,552
553,Cottonwood,1986,1713.6,7/4/1986 0:00,553
554,FT YUKON,1960,6387.8,6/27/1960 0:00,554
555,CIK NE 42,1976,15530.9,7/24/1976 0:00,555
556,432258,1994,1666.3,6/12/1994 0:00,556
557,MHM E 32,1991,9789.9,7/4/1991 0:00,557
558,Stoney,1991,8165.2,6/30/1991 0:00,558
559,Nowitna River #1,2011,2619.8,7/7/2011 0:00,559
560,Tipooktulearuk River,2010,3132.9,7/9/2010 0:00,560
561,LADUE RIVER,1969,89885.4,6/15/1969 0:00,561
562,CANADIAN,1966,334863.1,6/25/1966 0:00,562
563,Little Indian River,2012,15278.3,6/6/2012 0:00,563
564,Gilles Creek,2010,19442.7,5/26/2010 0:00,564
565,Indian Grave Creek,2010,2496.6,6/2/2010 0:00,565
566,Big Swede,2010,3934.5,6/1/2010 0:00,566
567,Eagle Trail,2010,17957.2,5/26/2010 0:00,567
568,Lake Tutusirok,2010,7386.7,7/2/2010 0:00,568
569,Witch Mountain,2010,1459.2,6/2/2010 0:00,569
570,Judge Creek,2010,1449.6,6/2/2010 0:00,570
571,Yukon Slough,2010,2665.8,6/2/2010 0:00,571
572,Nanielik Creek,2010,6507.7,7/5/2010 0:00,572
573,Itkillik River,2012,2310.9,6/19/2012 0:00,573
574,832097,1988,51390,7/12/1988 0:00,574
575,Ukit,1974,1032.4,6/24/1974 0:00,575
576,RIDGEWAY,1967,9014,6/18/1967 0:00,576
577,Midnight Creek,2012,7934.6,6/25/2012 0:00,577
578,Dead Fish Lake,2013,6106.8,6/24/2013 0:00,578
579,331568,1993,2175.6,7/15/1993 0:00,579
580,FAR MOUNTAIN,1958,41711,6/4/1958 0:00,580
581,TEUCHET #3,1990,1214.3,7/2/1990 0:00,581
582,IDAHO CK,1990,1251.6,7/2/1990 0:00,582
583,Takotna River,2013,2023.7,5/31/2013 0:00,583
584,Nowitna River,2012,22366.1,6/16/2012 0:00,584
585,The Sisters,2014,2621.9,8/12/2014 0:00,585
586,KAYIUH MTN,1959,4018.1,6/29/1959 0:00,586
587,KOBUK #6,1959,16399.9,6/30/1959 0:00,587
588,ANGUTIKADA PEAK W-10,1959,9089.5,7/1/1959 0:00,588
589,165-30,1971,127013.2,6/26/1971 0:00,589
590,Zane Hills,2011,1078,7/7/2011 0:00,590
591,SHAGELUK,1959,1492,8/8/1959 0:00,591
592,MHM S 28,1986,3190.9,7/4/1986 0:00,592
593,DISHNA,1993,2284.6,7/20/1993 0:00,593
594,Little Creek,2011,26201.3,5/29/2011 0:00,594
595,ANI-SE 25,1981,57593.7,6/17/1981 0:00,595
596,No Name Creek,2010,7110.5,7/8/2010 0:00,596
597,Goldbug Creek,2010,2765.5,6/23/2010 0:00,597
598,831024,1988,26527,7/13/1988 0:00,598
599,GAL SW 65,1986,3367.1,7/6/1986 0:00,599
600,631029,1986,2188.1,7/6/1986 0:00,600
601,GAL W 76,1986,1009.3,7/5/1986 0:00,601
602,Canvasback Lake,2010,35455.8,7/12/2010 0:00,602
603,Tchulkade Lake,2010,15560.4,7/6/2010 0:00,603
604,Toklat,1951,96316.5,5/5/1951 0:00,604
605,LONE MOUNTAIN N-12,1957,24257.8,7/11/1957 0:00,605
606,Paradise Fork,2010,1549.9,5/28/2010 0:00,606
607,132687,1991,7718.7,7/9/1991 0:00,607
608,Stuart Inert 2,2015,1340.9,5/7/2015 0:00,608
609,Kocacho,1999,3171.2,6/13/1999 0:00,609
610,Three Sleep,2010,10602.2,7/9/2010 0:00,610
611,Excelsior,2013,6136.9,6/27/2013 0:00,611
612,Melozi,2012,1738.4,6/7/2012 0:00,612
613,KOBUK 5,1963,4359.9,6/21/1963 0:00,613
614,Jordan Creek,2007,8404.5,6/30/2007 0:00,614
615,Industrial Park,2012,10222.7,9/25/2012 0:00,615
616,UNK SE 10,1990,1034.9,7/2/1990 0:00,616
617,KILIOVIL,1977,161525.1,7/16/1977 0:00,617
618,TRIPLET,1977,86163.4,7/24/1977 0:00,618
619,CROW LAKE,1977,95539.1,7/22/1977 0:00,619
620,ECHO,1969,1456.4,5/24/1969 0:00,620
621,KUYUKUTUK,1984,6268.8,7/3/1984 0:00,621
622,Stevens Village NE 70,1953,5908.9,7/29/1953 0:00,622
623,Marc,1974,1708.6,8/4/1974 0:00,623
624,LONE MOUNTAIN,2010,51995.6,5/29/2010 0:00,624
625,ANI-SE 30,1981,43378.3,6/18/1981 0:00,625
626,Natlaratlen River,2000,8540.8,6/25/2000 0:00,626
627,Francis Creek,2011,1863.4,5/21/2011 0:00,627
628,Tabert Lake,2013,1489.8,7/31/2013 0:00,628
629,FYU NE 80,1985,30601.4,7/30/1985 0:00,629
630,Magitchlie Creek,1997,279448.3,6/10/1997 0:00,630
631,CEM E 20,1977,9672.4,7/29/1977 0:00,631
632,SHAGELUK NE,1957,28721.4,6/2/1957 0:00,632
633,Nuyakuk River,2013,2411.4,7/28/2013 0:00,633
634,MHM S 31,1993,1069.2,8/15/1993 0:00,634
635,332663,1993,3917.6,7/21/1993 0:00,635
636,RILEY CREEK,1971,7039.5,6/24/1971 0:00,636
637,Iim Tikrak Creek,1971,1932.2,6/25/1971 0:00,637
638,Bear Creek,2013,13179.8,6/20/2013 0:00,638
639,JOKE,1972,3374.2,7/10/1972 0:00,639
640,AZTEC,1972,1266.3,7/15/1972 0:00,640
641,531035,1985,34191.7,7/31/1985 0:00,641
642,GRAND CREEK,1968,14047.5,7/22/1968 0:00,642
643,CORRECT,1971,52372.6,6/28/1971 0:00,643
644,FISHHOOK,1969,401415.4,5/22/1969 0:00,644
645,MELOZI SPRINGS,1968,14877,7/26/1968 0:00,645
646,South Fork,2013,2290.4,6/23/2013 0:00,646
647,Kogoyuk,1989,5706.3,7/4/1989 0:00,647
648,STONY RIVER,1981,1141,6/17/1981 0:00,648
649,Tupikchak,1974,1057.4,8/7/1974 0:00,649
650,Marva,1972,1438.9,7/11/1972 0:00,650
651,Observation Post 27,1996,10861.1,6/7/1996 0:00,651
652,Main Creek,2013,1267.8,7/13/2013 0:00,652
653,GRANITE T,1990,3472.5,7/4/1990 0:00,653
654,TOBUK CREEK,1972,3688.1,7/8/1972 0:00,654
655,KOLIGANEK,1963,3253.6,7/13/1963 0:00,655
656,SHUNGNAK SW-5,1959,4318.3,6/27/1959 0:00,656
657,FYU NE 78,1979,95892.7,7/1/1979 0:00,657
658,FYU N 66,1975,4953.4,7/13/1975 0:00,658
659,Nation River #1,1950,48853.7,7/21/1950 0:00,659
660,Olga Bay Fire,1950,33808.2,11/26/1950 0:00,660
661,Little Black,1946,170651.4,7/11/1946 0:00,661
662,The Divide,2010,1257.9,7/8/2010 0:00,662
663,Black River,1943,121201.4,7/31/1943 0:00,663
664,Birch Creek,1943,56592.5,6/1/1943 0:00,664
665,Landmark,1987,4277,6/10/1987 0:00,665
666,732061,1987,1408.6,6/17/1987 0:00,666
667,KALSKAG,1972,2672.2,7/10/1972 0:00,667
668,DONALD,1972,2386.8,7/12/1972 0:00,668
669,VICTORIA,1972,3863.6,7/13/1972 0:00,669
670,DENPYNE,1972,1434.1,7/11/1972 0:00,670
671,Granite Tors,2010,7886.3,5/27/2010 0:00,671
672,Cascaden Ridge,2010,15177.7,5/27/2010 0:00,672
673,Holonada,2010,7909.5,6/4/2010 0:00,673
674,Grass River,2006,14879.7,7/10/2006 0:00,674
675,Imelyak,2005,7312.9,6/17/2005 0:00,675
676,CEMNE62,1993,7805.8,7/22/1993 0:00,676
677,731006,1987,1685.5,6/22/1987 0:00,677
678,GAL NE 87,1986,5776.1,7/6/1986 0:00,678
679,Crash Creek,2009,29060.4,7/4/2009 0:00,679
680,Eagle Creek 2,2009,9735.9,7/4/2009 0:00,680
681,HUS W 5,1981,12918.8,6/18/1981 0:00,681
682,WTK N 60,1984,4470,6/25/1984 0:00,682
683,IAN N 110,1984,2938.9,6/18/1984 0:00,683
684,32018,1990,287704,6/27/1990 0:00,684
685,DCKN190,1993,82831.7,7/22/1993 0:00,685
686,Bering Creek,2000,141494.8,6/14/2000 0:00,686
687,Boundary Creek,2005,131109.4,7/12/2005 0:00,687
688,Bear Creek,1999,5803.3,6/12/1999 0:00,688
689,531023,1985,9607.7,7/15/1985 0:00,689
690,Fish Lake,1950,25738.4,6/25/1950 0:00,690
691,IMURUK BASIN,1954,415050.7,6/4/1954 0:00,691
692,Tanana Village,1953,4029,7/30/1953 0:00,692
693,Cottonwood Bar,2002,13861.6,8/2/2002 0:00,693
694,Chick Mountain,2005,97134.7,8/1/2005 0:00,694
695,Moose Lake,2002,118335.2,7/17/2002 0:00,695
696,Woodchopper 2,2007,20060,6/6/2007 0:00,696
697,KIANA SE-10,1959,1867.1,6/28/1959 0:00,697
698,KHOTO MTN,1959,2149,6/28/1959 0:00,698
699,NATION NE-16,1959,3019.2,6/24/1959 0:00,699
700,INIAKUK LAKE E-8,1959,12423.2,6/27/1959 0:00,700
701,Minto,1983,26864.6,6/25/1983 0:00,701
702,FAI SW 40,1978,1629.6,6/18/1978 0:00,702
703,Tanana N8,1953,5391.7,7/29/1953 0:00,703
704,Tanalian Mt. Fire,1953,12560.5,7/4/1953 0:00,704
705,CREVICE CREEK,1957,2478.3,7/6/1957 0:00,705
706,631016,1986,1269.8,7/6/1986 0:00,706
707,DCK SE 40,1986,3995.5,7/8/1986 0:00,707
708,TOKLAT RV,1993,4363.4,7/28/1993 0:00,708
709,Porcupine,1986,13641.4,6/15/1986 0:00,709
710,MINCHUMINA NE-15,1957,7870.3,6/25/1957 0:00,710
711,BEAR CREEK,1957,1136.6,6/14/1957 0:00,711
712,INNOKO #1,1957,48201.4,6/25/1957 0:00,712
713,SELAWIK SE-40,1959,30549.2,6/28/1959 0:00,713
714,BIG DENVER,1969,383903.4,6/16/1969 0:00,714
715,AMERICA CREEK,1968,8165.9,7/26/1968 0:00,715
716,Coleen River,2006,15819,6/15/2006 0:00,716
717,Nowitna,2009,126581.6,6/13/2009 0:00,717
718,Little Mud,2009,50718.9,7/10/2009 0:00,718
719,AMOOK,1972,9227.2,7/11/1972 0:00,719
720,TAL NW 38,1981,30304.1,6/18/1981 0:00,720
721,BLAIR NE 6,1981,5037.2,6/19/1981 0:00,721
722,MCG WNW 65,1981,9312.6,6/19/1981 0:00,722
723,141007,1981,5391.1,6/19/1981 0:00,723
724,MCG S 60,1981,3892.6,6/19/1981 0:00,724
725,631043,1986,5947,7/8/1986 0:00,725
726,WEST TWIN,1976,27128,6/15/1976 0:00,726
727,GAL  S 51,1986,11888.3,7/6/1986 0:00,727
728,Shotgun Dr.,1989,5091.8,7/3/1989 0:00,728
729,VON FRANK,1957,5003.4,6/20/1957 0:00,729
730,West Fork,1986,1647.7,6/15/1986 0:00,730
731,60 Mile,1986,1262.1,6/15/1986 0:00,731
732,TAL SW 46,1994,1117.1,6/11/1994 0:00,732
733,WAPOO FIRE,1984,37361,6/9/1984 0:00,733
734,WAPOO,1968,9868.3,7/24/1968 0:00,734
735,HUNKER,1971,2937.4,7/3/1971 0:00,735
736,Dennison,1986,1078.8,7/6/1986 0:00,736
737,GAL NE 42,1986,3046.6,7/7/1986 0:00,737
738,FISH VILLAGE E-15,1962,3782,7/19/1962 0:00,738
739,Sethkokna River,1996,6216.8,6/18/1996 0:00,739
740,David Creek,1996,4795.5,6/18/1996 0:00,740
741,SALCHA TR,1990,2175,7/17/1990 0:00,741
742,Bear Fire,1997,1205.6,7/17/1997 0:00,742
743,Siruk Creek,1999,4152,7/12/1999 0:00,743
744,South Pish River,2007,2218.5,7/14/2007 0:00,744
745,Charley River,2007,2873.8,7/4/2007 0:00,745
746,Nation River,2007,2112.4,6/25/2007 0:00,746
747,OTZ NE 100,1985,5375.2,8/7/1985 0:00,747
748,SHH SE 38,1977,18267.7,7/24/1977 0:00,748
749,BLACK RIVER NO. 1,1959,21034.2,6/25/1959 0:00,749
750,CIRCLE E-15,1959,7243.3,6/25/1959 0:00,750
751,414057,1984,1543,7/2/1984 0:00,751
752,DELOME RIVER,1971,64401.2,6/26/1971 0:00,752
753,NEW IGLOO,1971,4026.8,6/26/1971 0:00,753
754,Bear Creek,2009,50896.9,6/17/2009 0:00,754
755,TEKLANIKA,1990,15878.7,5/26/1990 0:00,755
756,S.W.-Ft. Yukon,1950,11791.3,8/15/1950 0:00,756
757,DISH MOUNTAIN,2011,38510.4,5/27/2011 0:00,757
758,Crooked Creek,1996,13739.8,6/6/1996 0:00,758
759,WBQ W 34,1977,65222.1,7/21/1977 0:00,759
760,GAL W 190,1990,11840.5,7/1/1990 0:00,760
761,DCK SSW 35,1984,1445.8,6/24/1984 0:00,761
762,Anaktuvuk River,2007,256734.1,7/16/2007 0:00,762
763,Melozitna-Tozitna,1953,18759.6,6/4/1953 0:00,763
764,Aklummayuak,2005,1124.2,6/17/2005 0:00,764
765,Glacier,1991,2307.3,6/30/1991 0:00,765
766,COTTONWOOD,1968,4280.7,7/9/1968 0:00,766
767,COTTONWOOD,1969,177508.2,7/2/1969 0:00,767
768,TAG RIVER,1972,2190.9,7/10/1972 0:00,768
769,Salmon,1975,6176.2,7/28/1975 0:00,769
770,Munson Creek,1983,21677.8,6/1/1983 0:00,770
771,EILSON #1,1959,9199.8,6/18/1959 0:00,771
772,Eielson,1987,9184.9,6/23/1987 0:00,772
773,GAL NE 48,1985,1226.3,8/3/1985 0:00,773
774,TAL NW 44,1985,1534.9,8/1/1985 0:00,774
775,Preacher Creek,1951,2876.5,8/14/1951 0:00,775
776,BET E 11,1984,2385.4,5/10/1984 0:00,776
777,MHM W 55,1991,19606.1,7/15/1991 0:00,777
778,WLK SE 39,1996,1094.2,7/8/1996 0:00,778
779,Graveyard Lake,1943,41171.8,8/4/1943 0:00,779
780,Schuman House - Porcupine Rr.,1950,608614.2,5/24/1950 0:00,780
781,Snake River,2012,16566.2,11/2/2012 0:00,781
782,Sheep Creek,2014,1994.5,6/17/2014 0:00,782
783,KEEFER,1974,4654.7,7/4/1974 0:00,783
784,LONG LAKE,1972,2425.1,7/7/1972 0:00,784
785,WATER,1971,5753,6/26/1971 0:00,785
786,Lackina River Fire,1948,14069.3,7/2/1948 0:00,786
787,Little Salmon,1946,43595.8,8/7/1946 0:00,787
788,FLAT E-5 #1,1959,14728.5,6/21/1959 0:00,788
789,Kluchay,1986,6640.1,7/3/1986 0:00,789
790,KOKRINES NW-19,1959,13641.9,6/23/1959 0:00,790
791,IDITAROD #1,1959,8213,6/22/1959 0:00,791
792,IDITAROD #2,1959,6400.8,6/24/1959 0:00,792
793,TAL NE 80,1986,1878.1,7/8/1986 0:00,793
794,631053,1986,15321.6,7/8/1986 0:00,794
795,Katlitna,2009,6569.7,5/25/2009 0:00,795
796,Rock Slough,2009,62313.4,6/30/2009 0:00,796
797,Zitziana,2009,141125.7,6/17/2009 0:00,797
798,SHH SE 26,1977,7553.3,7/24/1977 0:00,798
799,KUGRUK HI,1977,261909.2,7/9/1977 0:00,799
800,GMT NW 35,1979,1222.6,6/6/1979 0:00,800
801,BCK NE 13,1979,1604.4,6/7/1979 0:00,801
802,Dawson 31,2004,7413.3,7/1/2004 0:00,802
803,Chitsia Creek,2004,1635.2,6/15/2004 0:00,803
804,Yukon,2004,2124.8,6/26/2004 0:00,804
805,Crooked #3,2002,2666.6,7/18/2002 0:00,805
806,Molly Creek,2003,2389.7,8/10/2003 0:00,806
807,Heart Mountain,2005,2596.6,6/23/2005 0:00,807
808,LIV E 19,1995,8590.6,7/17/1995 0:00,808
809,Sulukna River,2007,7919.4,5/21/2007 0:00,809
810,CROOKED CREEK SE-20,1959,79754,8/9/1959 0:00,810
811,COLORADO CREEK,1959,8095.7,6/17/1959 0:00,811
812,SLED,1973,9317.3,9/13/1973 0:00,812
813,32040,1990,1537.9,7/3/1990 0:00,813
814,Broken,1991,3222.6,6/22/1991 0:00,814
815,Lynx Creek,2002,7870.147949,8/2/2002 0:00,815
816,ROUND,1972,1629,7/9/1972 0:00,816
817,Uvgoon Creek,2004,11230.2,6/1/2004 0:00,817
818,Larsen Bay,1996,3135.1,10/13/1996 0:00,818
819,Stuver Creek,1989,3503.5,7/10/1989 0:00,819
820,Charley Creek 1,2005,73308,6/11/2005 0:00,820
821,Hammer Creek,2007,5072.9,6/10/2007 0:00,821
822,CORMICK,1957,5403.6,5/28/1957 0:00,822
823,VEE SW 24,1991,18200.8,6/22/1991 0:00,823
824,Quartz Creek #2,2004,1648.4,6/13/2004 0:00,824
825,NUYAKUK,1997,20191.4,6/25/1997 0:00,825
826,Fairplay,2006,1199.2,7/11/2006 0:00,826
827,Anderson,1942,2375.3,5/13/1942 0:00,827
828,Hammer Creek #2,2005,3209.2,6/15/2005 0:00,828
829,Kerulu Creek,2003,40728.9,6/18/2003 0:00,829
830,CHENA DOME S-3,1958,58294.4,6/1/1958 0:00,830
831,Sullivan,2008,1361.4,6/6/2008 0:00,831
832,No Creek,1986,10963,7/5/1986 0:00,832
833,Von Frank,1986,1200.4,7/4/1986 0:00,833
834,ROSIE CREEK,1983,6848.9,5/29/1983 0:00,834
835,304001,1983,2614.2,6/13/1983 0:00,835
836,SLEET,1977,22504.5,7/24/1977 0:00,836
837,MUD FIRE,1984,10026,6/6/1984 0:00,837
838,MCG NW 60,1984,3586.3,6/27/1984 0:00,838
839,Spurs,2002,63931.5,5/15/2002 0:00,839
840,MEADOW,1990,30041.1,7/1/1990 0:00,840
841,DEACON`S #3,1957,14600,7/3/1957 0:00,841
842,Scottie Mtn,1991,2653.4,6/23/1991 0:00,842
843,OTZ NW 70,1994,2794,6/13/1994 0:00,843
844,132562,1991,145013.7,6/30/1991 0:00,844
845,Venetie,1950,600995.7,5/24/1950 0:00,845
846,FYU NE 50,1988,119960.2,6/27/1988 0:00,846
847,FYU NE 65,1991,21397,7/20/1991 0:00,847
848,Sheenjek,1953,68663.6,7/11/1953 0:00,848
849,ANACONDA CREEK,1967,1492,6/15/1967 0:00,849
850,REDMOND CREEK,1968,1241.9,7/23/1968 0:00,850
851,IMPACT,1974,14063.3,9/6/1974 0:00,851
852,OTZ NE 100,1983,1970.4,7/7/1983 0:00,852
853,414012,1984,1704.3,6/18/1984 0:00,853
854,EAA N 47,1991,2630.1,7/6/1991 0:00,854
855,Yellow Creek,1996,8765.6,6/21/1996 0:00,855
856,Glacier Creek,1984,2521.9,6/7/1984 0:00,856
857,WLK SE 40,1996,2585.1,7/6/1996 0:00,857
858,DCK S 25,1988,11021.5,7/13/1988 0:00,858
859,NIXON FORK,1957,5971.5,7/6/1957 0:00,859
860,WALDEN FORK,1957,47105.3,7/3/1957 0:00,860
861,RAINBOW CAMP,1956,8180.3,7/11/1956 0:00,861
862,FORAKER,1997,2928.8,7/1/1997 0:00,862
863,CIK N 40,1986,12154.2,7/1/1986 0:00,863
864,CEM E 90,1990,2010.8,7/16/1990 0:00,864
865,Camp Lake,1997,1913.3,7/1/1997 0:00,865
866,Simels,1997,347860.6,6/7/1997 0:00,866
867,DOMINION,1997,3103.3,7/22/1997 0:00,867
868,Nulato #3,2005,14404.8,7/27/2005 0:00,868
869,Shiniliaok #2,2005,1473.1,6/16/2005 0:00,869
870,Moose Creek,2002,5275.299805,6/21/2002 0:00,870
871,Galatea Creek,2002,74506,5/22/2002 0:00,871
872,Jim River #3,2005,17375,6/13/2005 0:00,872
873,Hillbilly,2001,1475.2,9/27/2001 0:00,873
874,Geskakmina Lake,2002,257530.8,6/8/2002 0:00,874
875,Washington Cr.,2005,42933.1,5/24/2005 0:00,875
876,Bear Creek,2002,59941.5,5/26/2002 0:00,876
877,Sischu,2002,128974.5,6/5/2002 0:00,877
878,Titna River,2005,6578.6,8/10/2005 0:00,878
879,Stuyahok,2005,5167.5,8/16/2005 0:00,879
880,North Dag,2004,419884.1,6/12/2004 0:00,880
881,Black Hills,2003,42742.6,7/16/2003 0:00,881
882,Thursday Creek,2002,1701.2,7/16/2002 0:00,882
883,Dulbi Slough #2,2004,1003.1,7/25/2004 0:00,883
884,Lucky Creek,2004,48231.5,7/3/2004 0:00,884
885,GAL NE 45,1990,2136.1,7/3/1990 0:00,885
886,GEORGE RIVER,1997,92810.8,6/26/1997 0:00,886
887,George,1991,3816.5,6/30/1991 0:00,887
888,LOOKOUT,1972,7706.2,7/8/1972 0:00,888
889,JUNO,1968,1182,7/27/1968 0:00,889
890,GRAY,1974,2321,6/23/1974 0:00,890
891,ROCKY BOTTOM,1972,6421.9,7/2/1972 0:00,891
892,Chitanana River,1996,59048.1,6/17/1996 0:00,892
893,NIITLTOKTALOGI,1969,460043.6,7/3/1969 0:00,893
894,WINTER TRAIL,1968,5718.1,7/21/1968 0:00,894
895,GARFIELD CREEK,1997,76851.7,7/22/1997 0:00,895
896,HSL NNW 37,1991,14208.2,6/23/1991 0:00,896
897,SODA,1990,10357.9,7/1/1990 0:00,897
898,DEADWOOD,1997,5762.3,7/20/1997 0:00,898
899,HANK RIVER,1972,12234.6,7/8/1972 0:00,899
900,TROOPER,1969,2361.3,6/25/1969 0:00,900
901,SANDHILL,1969,1292.7,7/1/1969 0:00,901
902,BILLY GOAT,1968,33079.5,7/23/1968 0:00,902
903,Sheenjek River,2005,113282,6/12/2005 0:00,903
904,Winter Trail,2004,332096.5,6/15/2004 0:00,904
905,Boulder Creek,2004,63057.4,6/29/2004 0:00,905
906,Wood River,2004,6993,7/17/2004 0:00,906
907,HUS NW 23,1985,14583.4,7/31/1985 0:00,907
908,COSNA,1975,26441.9,7/8/1975 0:00,908
909,ELLIE,1974,2444.7,8/4/1974 0:00,909
910,KOKTULI,1957,2705.6,7/19/1957 0:00,910
911,NIKABUNA LAKES,1957,15646,7/1/1957 0:00,911
912,Kulukbuk,1991,4459.6,7/3/1991 0:00,912
913,631484,1996,1066.7,6/18/1996 0:00,913
914,PREACHER CREEK,1954,4474.9,8/11/1954 0:00,914
915,PAIMIUT,1954,354350.8,6/15/1954 0:00,915
916,DUBLI,1954,1281,5/31/1954 0:00,916
917,Smith Creek,2005,16976.2,6/28/2005 0:00,917
918,Little Mud #3,2005,1992.5,6/11/2005 0:00,918
919,Tsooktuihvun Lake,2003,6940.970215,7/22/2003 0:00,919
920,PILOT POINT,2005,3302,5/29/2005 0:00,920
921,Pah Flats,1999,6182.9,7/11/1999 0:00,921
922,Tik Hill,1987,3582.9,6/11/1987 0:00,922
923,FBK E 155,1987,2365.3,6/23/1987 0:00,923
924,Slate Cr,1987,2215.8,6/30/1987 0:00,924
925, ,2001,3259.2,6/26/2001 0:00,925
926,Colorado Creek,2002,81648.3,5/26/2002 0:00,926
927,Swift,2005,18609.8,6/27/2005 0:00,927
928,Okoklik Lake,2003,1101.9,6/24/2003 0:00,928
929,MHM S 40,1994,1088.5,8/17/1994 0:00,929
930,Monkey Girl,1996,37343.4,6/16/1996 0:00,930
931,BTT NE 47,1988,8609.2,6/15/1988 0:00,931
932,Rex Bridge,2003,1409.4,5/26/2003 0:00,932
933,Cottonwood,2002,6761.5,6/29/2002 0:00,933
934,GRANITE,1972,6066.2,7/13/1972 0:00,934
935,ISLAND LAKE,1970,2746.2,6/7/1970 0:00,935
936,CLEARWATER,1969,2203,6/20/1969 0:00,936
937,Tag River #1,2002,40028,7/19/2002 0:00,937
938,31061,1990,55041.9,7/10/1990 0:00,938
939,Beaver Creek,1999,13208,6/15/1999 0:00,939
940,Ketchem Creek,2002,5255.129883,8/3/2002 0:00,940
941,Fish Creek,2005,101585.6,6/16/2005 0:00,941
942,ROCKET 4,1957,174152.6,7/12/1957 0:00,942
943,ANDREAFSKY,1974,2521.5,6/26/1974 0:00,943
944,CIRCLE ISLAND,1969,5270.7,7/5/1969 0:00,944
945,BERGMAN CREEK,1972,25615.2,7/14/1972 0:00,945
946,Titna River,1996,2586.2,6/19/1996 0:00,946
947,AIN SSE 38,1977,11553.7,7/26/1977 0:00,947
948,KAWICH,1977,1642.4,7/16/1977 0:00,948
949,MULCHATNA,1954,93917.3,6/20/1954 0:00,949
950,TOZITNA,1954,573639,6/5/1954 0:00,950
951,20 MILE,1954,16227.5,6/4/1954 0:00,951
952,Torgny,2000,1377.3,6/13/2000 0:00,952
953,Salmon Trout,1999,2403.4,6/19/1999 0:00,953
954,N. Fork Dag,1999,3348.1,7/14/1999 0:00,954
955,Gukhzna Creek,1999,1637.1,7/16/1999 0:00,955
956,Kivalina River,1999,3781.2,6/27/1999 0:00,956
957,Squirrel Creek,2005,19344.6,7/26/2005 0:00,957
958,Survey Line,2001,112106.8,6/20/2001 0:00,958
959,Bullion Creek,2004,15563.1,7/3/2004 0:00,959
960,Tors,2004,30408.6,7/17/2004 0:00,960
961,John Hansen Lake,2002,25748.3,7/20/2002 0:00,961
962,Mission Creek,2005,33655.3,7/21/2005 0:00,962
963,BUCK MTN.,1997,5058.9,7/21/1997 0:00,963
964,North Fork,2002,31323.5,7/17/2002 0:00,964
965,Lost Twenty,2002,15177.3,8/19/2002 0:00,965
966,DENNIS,1990,79841.1,7/1/1990 0:00,966
967,BEAVER MER,1990,13163.9,7/1/1990 0:00,967
968,Tractor Trail,2001,3256.6,6/23/2001 0:00,968
969,Deer Creek,2004,103092.3,6/15/2004 0:00,969
970,John Hansen Creek,2002,25732,6/6/2002 0:00,970
971,Aggie 2,2004,3324.9,7/19/2004 0:00,971
972,Salmon Fork,2005,236701.5,7/19/2005 0:00,972
973,IOWA CREEK,1971,15208.6,6/23/1971 0:00,973
974,SHEKLUK,1971,7830.8,6/23/1971 0:00,974
975,Hochandoctla,1996,4074.4,6/18/1996 0:00,975
976,MHM N 25,1991,1688.1,7/3/1991 0:00,976
977,Circ Mountain,1996,37533,6/18/1996 0:00,977
978,GAL NW 63,1996,1085.2,6/19/1996 0:00,978
979,Grand Creek,2002,3775.860107,7/18/2002 0:00,979
980,WHITE CREEK,1969,69387.1,6/24/1969 0:00,980
981,Toklat 2,2010,38368.7,6/4/2010 0:00,981
982,Grayling Fork,2004,48305.9,6/26/2004 0:00,982
983,Pass Creek,2003,3645.6,6/29/2003 0:00,983
984,Big Girstle River,1947,5178.7,6/22/1947 0:00,984
985,Little Big Creek,2007,17717.4,7/8/2007 0:00,985
986,Crazy,2004,52055.7,7/4/2004 0:00,986
987,Island Lake,2005,1449.9,5/10/2005 0:00,987
988,Ft. Hamlin,1999,5184.1,7/12/1999 0:00,988
989,Change,2005,11641.3,6/11/2005 0:00,989
990,AHKUTA,1974,13883.5,6/26/1974 0:00,990
991,Hurst,2004,1128.5,7/15/2004 0:00,991
992,Chandalar Creek,2004,4061.4,8/25/2004 0:00,992
993,Glacier Creek,2004,7129.5,8/14/2004 0:00,993
994,Clawanmenka Lake,2004,108579.7,7/6/2004 0:00,994
995,Oregon Creek,2004,8656.3,7/15/2004 0:00,995
996,CENTRAL W-10,1957,49701.7,8/11/1957 0:00,996
997,NINETY EIGHT,1969,49143.1,6/21/1969 0:00,997
998,MISSILE,1966,43843.1,8/8/1966 0:00,998
999,Titnuk Creek,1997,68990.6,6/24/1997 0:00,999
1000,TIMBER CREEK,1997,27678.6,7/4/1997 0:00,1000
1001,Sheenjek,2003,25227.9,6/27/2003 0:00,1001
1002,Mastadon Fish,1996,5765.6,6/17/1996 0:00,1002
1003,Porcupine,1946,2161.7,7/11/1946 0:00,1003
1004,ROUNDABOUT MT,1972,4849,7/13/1972 0:00,1004
1005,531018,1985,55043.6,7/25/1985 0:00,1005
1006,832032,1988,209360.2,6/15/1988 0:00,1006
1007,832143,1988,26892.8,7/12/1988 0:00,1007
1008,Lake Clark,1948,12352.4,6/20/1948 0:00,1008
1009,INNOKO,1974,6538.6,7/4/1974 0:00,1009
1010,FOX HILLS,1972,3577.9,7/8/1972 0:00,1010
1011,SWINGING DOME,1969,26594.1,6/28/1969 0:00,1011
1012,King County Creek,2005,10135.1,6/26/2005 0:00,1012
1013,TETLIN,1996,6593.3,6/7/1996 0:00,1013
1014,Oklahoma,1997,2549.2,6/13/1997 0:00,1014
1015,East Fork,1997,16352.3,7/2/1997 0:00,1015
1016,BTT SE 47,1977,66621.6,7/24/1977 0:00,1016
1017,Nowitna,1954,62010.8,6/5/1954 0:00,1017
1018,LADUE RIVER,1990,4895,7/5/1990 0:00,1018
1019,BTT SW 60,1991,3552.6,6/22/1991 0:00,1019
1020,NULATO S-10,1956,149923.4,6/20/1956 0:00,1020
1021,Big Sitdown Creek 2,2005,11621.4,6/12/2005 0:00,1021
1022,Big Mud,2003,39183.3,6/22/2003 0:00,1022
1023,Runt Fork,2004,24120.5,7/6/2004 0:00,1023
1024,Lower Mouth,2004,87412.8,7/7/2004 0:00,1024
1025,Pingo,2004,403993.3,6/15/2004 0:00,1025
1026,TAL N 52,1991,1249,6/6/1991 0:00,1026
1027,HSL N 48,1991,3377.6,6/6/1991 0:00,1027
1028,132239,1991,1770.6,6/8/1991 0:00,1028
1029,Zane Pass,2005,2430.9,6/16/2005 0:00,1029
1030,Big Bend,2004,1572,7/17/2004 0:00,1030
1031,WEST FORK CHENA,2002,22272,5/23/2002 0:00,1031
1032,Boney Creek,2005,62562.6,6/16/2005 0:00,1032
1033,Fox Creek,2005,25532.7,7/11/2005 0:00,1033
1034,Aropuk,2002,19322,6/18/2002 0:00,1034
1035,Hodzana River,2004,163238.8,8/12/2004 0:00,1035
1036,Kalskag,2002,4113.8,5/19/2002 0:00,1036
1037,Vinasale,2002,189705.4,5/22/2002 0:00,1037
1038,Lone Mtn.,2005,13471,6/15/2005 0:00,1038
1039,Swinging Dome,1989,26596.4,7/2/1989 0:00,1039
1040,Moser Bay,1997,14852.9,4/16/1997 0:00,1040
1041,Big Creek,1997,44241.6,7/3/1997 0:00,1041
1042,BEAR LAKE,1990,1618.5,7/6/1990 0:00,1042
1043,NORTH FORK,1990,1623.9,7/4/1990 0:00,1043
1044,Dry Creek,2005,1638.7,6/15/2005 0:00,1044
1045,Dulbi South,2005,3432.6,8/13/2005 0:00,1045
1046,Caribou,2005,11387.5,8/8/2005 0:00,1046
1047,Tommy Lake,2004,3879.8,6/18/2004 0:00,1047
1048,East Fork Koyuk,2004,3309.1,7/15/2004 0:00,1048
1049,King Creek,2004,40599.2,6/22/2004 0:00,1049
1050,Camp Creek,2004,179599.1,6/23/2004 0:00,1050
1051,Alatna Hills,2005,6232.5,7/7/2005 0:00,1051
1052,Gardiner Creek,2004,125739.1,6/17/2004 0:00,1052
1053,Reindeer,2002,226822.9,7/17/2002 0:00,1053
1054,Lake Todatonten,2004,12376.7,7/20/2004 0:00,1054
1055,GARDNER CR,1994,8978.5,8/7/1994 0:00,1055
1056,EAA SW 20,1994,2806.5,8/11/1994 0:00,1056
1057,Kandik River,2004,65990.3,6/17/2004 0:00,1057
1058,Waldren Fork,2002,7901.6,7/17/2002 0:00,1058
1059,Dishna,2005,26810,8/2/2005 0:00,1059
1060,Death Valley,2002,2163.071045,7/22/2002 0:00,1060
1061,Billy Creek,2004,463993.9,6/18/2004 0:00,1061
1062,Slow Creek,2002,11945.4,5/27/2002 0:00,1062
1063,Mission Creek,2005,1744.5,6/29/2005 0:00,1063
1064,Crooked Creek,1989,7673,7/2/1989 0:00,1064
1065,TIKCHIK,1997,5183,6/26/1997 0:00,1065
1066,Grass Lake,2004,1419.9,9/10/2004 0:00,1066
1067,Boundary,2004,536526,6/13/2004 0:00,1067
1068,Bonanza Creek,2004,265915.8,6/28/2004 0:00,1068
1069,32038,1990,152789.3,7/2/1990 0:00,1069
1070,232412,1992,1081,7/19/1992 0:00,1070
1071,32035,1990,1409.5,7/2/1990 0:00,1071
1072,T-Lake,2004,1751.4,6/20/2004 0:00,1072
1073,Crazy,2002,1596.6,7/18/2002 0:00,1073
1074,Wild Lake,2005,2919.5,6/18/2005 0:00,1074
1075,North Bonanza,2005,190942.3,6/16/2005 0:00,1075
1076,Eddy Creek,2001,1792.6,6/25/2001 0:00,1076
1077,LICK CREEK,1994,8546.9,6/15/1994 0:00,1077
1078,132407,1991,4457.5,6/23/1991 0:00,1078
1079,131408,1991,5963.1,6/23/1991 0:00,1079
1080,432333,1994,1041.2,6/15/1994 0:00,1080
1081,BREAST,1997,6386.8,7/6/1997 0:00,1081
1082,Mud Fork,2004,33951.4,7/19/2004 0:00,1082
1083,North Fork Innoko,2004,2515.6,7/20/2004 0:00,1083
1084,John Herberts Village,2005,17092.9,7/25/2005 0:00,1084
1085,731015,1987,4057.9,7/6/1987 0:00,1085
1086,KYU NNW 40,1987,1552.9,7/8/1987 0:00,1086
1087,American Summit,2004,11727.8,6/15/2004 0:00,1087
1088,Upper Tatlawiksuk,2005,29154.6,6/26/2005 0:00,1088
1089,Myrtle Creek,2004,6270.9,7/19/2004 0:00,1089
1090,Page,2005,1097.9,7/31/2005 0:00,1090
1091, ,2001,84784.1,6/20/2001 0:00,1091
1092,Dall City,2004,483280.2,7/6/2004 0:00,1092
1093,Khotol River,2002,50807.3,7/17/2002 0:00,1093
1094,Tatalina 2,2004,3442.4,7/18/2004 0:00,1094
1095,FYU NE 96,1987,7228.9,7/11/1987 0:00,1095
1096,31044,1990,41989.2,7/2/1990 0:00,1096
1097,EAA SW 37,1994,1151.1,8/11/1994 0:00,1097
1098,Slokhenjikh Creek,2004,1407.5,6/12/2004 0:00,1098
1099,Tatalina,2004,16025.4,7/17/2004 0:00,1099
1100,Stringo Lakes,2002,8577.209961,7/31/2002 0:00,1100
1101,Bitzshtini Mountain,2005,3094.4,6/17/2005 0:00,1101
1102,Fanny Mountain,2005,25803,8/15/2005 0:00,1102
1103,Tag River #4,2002,1311.410034,7/19/2002 0:00,1103
1104,Ammerman Mountain,2004,19814.5,7/5/2004 0:00,1104
1105,Fossil Creek,2005,6382.3,6/16/2005 0:00,1105
1106,Irish Channel,2005,1078.9,7/6/2005 0:00,1106
1107,Mud Fire 731349,1997,24092.6,6/21/1997 0:00,1107
1108,FYU SE 65,1990,7454.1,6/27/1990 0:00,1108
1109,32039,1990,4853,7/3/1990 0:00,1109
1110,Lockwood,1997,6698.7,7/4/1997 0:00,1110
1111,ILIAMNA,2003,5460.390137,5/23/2003 0:00,1111
1112,Glacier Creek,2005,33065,8/15/2005 0:00,1112
1113,Holtnaka,2002,23031.5,7/17/2002 0:00,1113
1114,Sulukna River,2005,2349.7,6/17/2005 0:00,1114
1115,HSL SW 10,1990,2328.4,7/2/1990 0:00,1115
1116,Tag River,2003,2881.830078,6/18/2003 0:00,1116
1117,Little Delta,2007,31562.8,4/29/2007 0:00,1117
1118,Cornucopia Creek,2003,52912.84,6/29/2003 0:00,1118
1119,Hoholitna,2002,1902.7,6/22/2002 0:00,1119
1120,Bolgen Creek,2004,201894.4,7/11/2004 0:00,1120
1121,Big Rock Mountain,2002,6247.2,7/23/2002 0:00,1121
1122,Tracy Ave.,2005,5403,4/29/2005 0:00,1122
1123,Long Creek,2002,74926.1,7/21/2002 0:00,1123
1124,TAL S 54,1993,1279.4,6/6/1993 0:00,1124
1125,West Buttons,2005,3401,6/30/2005 0:00,1125
1126,Cliff Creek,2004,6352.2,7/15/2004 0:00,1126
1127,Stone Creek,2005,18654.9,6/15/2005 0:00,1127
1128,Middle Birch Creek,2004,30294.1,6/14/2004 0:00,1128
1129,Lake Snohomish,2004,21719,8/10/2004 0:00,1129
1130,Toklat 2,2005,3022.4,8/12/2005 0:00,1130
1131,Stony,2005,3153.9,6/16/2005 0:00,1131
1132,Discovery Creek,2004,1669.2,9/5/2004 0:00,1132
1133,Mud Fork II,2004,6946.4,8/9/2004 0:00,1133
1134,Sheenjek,2002,17932.2,6/6/2002 0:00,1134
1135,Ray River,2005,97306.9,6/16/2005 0:00,1135
1136,Anomaly,2004,19667.3,6/29/2004 0:00,1136
1137,Herron River,2005,3652.7,6/14/2005 0:00,1137
1138,CHINIKLIK,1997,3195.7,7/19/1997 0:00,1138
1139,32042,1990,131906.8,7/2/1990 0:00,1139
1140,Kitalitna Creek,2005,1839,5/29/2005 0:00,1140
1141,DCK E 65,1991,21460.3,6/24/1991 0:00,1141
1142,FYU E 76,1994,31030.6,7/29/1994 0:00,1142
1143,Hodzana River,2005,26710.4,6/12/2005 0:00,1143
1144,Grayling Creek,2005,45930.4,7/30/2005 0:00,1144
1145,Black Water,2005,1605.4,7/25/2005 0:00,1145
1146,MANY LAKES,1997,52879,7/21/1997 0:00,1146
1147,232266,1992,4401.4,6/19/1992 0:00,1147
1148,Big Bluff,2004,1544.2,7/21/2004 0:00,1148
1149,832002,1988,7202.9,4/16/1988 0:00,1149
1150,GAL N 35,1988,2774,5/29/1988 0:00,1150
1151,FYU W 35,1994,14490.7,7/1/1994 0:00,1151
1152,CEM NE 20,1991,56431.3,6/23/1991 0:00,1152
1153,OSKAWALIK,1997,2410.9,7/19/1997 0:00,1153
1154,George,2005,58737.5,7/31/2005 0:00,1154
1155,Minto 1,2004,9951.9,8/12/2004 0:00,1155
1156,Bear Creek,2004,4065.9,7/22/2004 0:00,1156
1157,TRAIL,1997,15325.5,6/27/1997 0:00,1157
1158,Goblet Creek,2002,3890.969971,7/20/2002 0:00,1158
1159,Susulatna,2002,11880.5,5/26/2002 0:00,1159
1160,Moly,1991,5764.6,6/29/1991 0:00,1160
1161,531021,1985,4270.2,7/28/1985 0:00,1161
1162,Cross,1991,14125.3,6/29/1991 0:00,1162
1163,BONNIE,1990,39691.7,7/4/1990 0:00,1163
1164,Hodzana River,2007,18049.1,5/22/2007 0:00,1164
1165,414007,1984,1128.5,6/9/1984 0:00,1165
1166,SAND CREEK,2003,49816.2,6/14/2003 0:00,1166
1167,Chekhechunnjik Creek,2005,18554.4,7/25/2005 0:00,1167
1168,Sulukna,2002,30369.9,6/4/2002 0:00,1168
1169,832061,1988,8044.8,7/6/1988 0:00,1169
1170,804027,1988,7219.7,7/11/1988 0:00,1170
1171,831023,1988,148858.2,7/12/1988 0:00,1171
1172,832076,1988,3943.7,7/12/1988 0:00,1172
1173,31051,1990,18172.2,7/17/1990 0:00,1173
1174,Toklat,2005,1737.1,6/16/2005 0:00,1174
1175,Louis Lake,2004,22192.6,7/16/2004 0:00,1175
1176,Michigan I,1996,1306.8,6/16/1996 0:00,1176
1177,CLEAR CREEK,1968,95730.2,7/23/1968 0:00,1177
1178,332248,1993,38200.9,6/4/1993 0:00,1178
1179,KURTI FLATS,1972,27730.1,7/15/1972 0:00,1179
1180,JUNCTION,1971,5310.7,6/6/1971 0:00,1180
1181,COMA,1972,11332.5,7/24/1972 0:00,1181
1182,GEORGETOWN,1972,8391.9,7/8/1972 0:00,1182
1183,31045,1990,4013.6,7/3/1990 0:00,1183
1184,132306,1991,1352.9,6/18/1991 0:00,1184
1185,Hillbilly Lake,1996,16454,5/10/1996 0:00,1185
1186,Big Waldren,2002,11401.9,6/19/2002 0:00,1186
1187,Hat Lie Lakes,2004,29679.4,7/26/2004 0:00,1187
1188,Cache,2004,4864.1,6/9/2004 0:00,1188
1189,Kocacho #2,2002,25184.4,7/23/2002 0:00,1189
1190,Windy,2002,69524.2,7/17/2002 0:00,1190
1191,Kink,1999,92000.4,6/12/1999 0:00,1191
1192,TAL NW 35,1990,12925.7,7/2/1990 0:00,1192
1193,CEM SW 50,1992,3447.8,6/29/1992 0:00,1193
1194,CEM NW 42,1992,4519.6,7/2/1992 0:00,1194
1195,CEM NW 45,1992,4592.5,7/2/1992 0:00,1195
1196,FYU E 75,1992,2494.8,8/2/1992 0:00,1196
1197,BTT S 48,1992,29376.8,6/23/1992 0:00,1197
1198,Galickson,1991,9682.6,6/23/1991 0:00,1198
1199,Nation River #2,1950,2273.1,7/24/1950 0:00,1199
1200,Box River,2000,5532.7,6/25/2000 0:00,1200
1201,REDLAND LAKE,1968,23764.3,7/23/1968 0:00,1201
1202,GAL NE 50,1991,6725.9,6/28/1991 0:00,1202
1203,SOUTH FORK NULATO RIVER,1957,51893.5,6/14/1957 0:00,1203
1204,McCORMICK ROAD HOUSE W-14,1954,7859.7,6/6/1954 0:00,1204
1205,Big Mud,2002,39859.1,6/8/2002 0:00,1205
1206,GAL NE 30,1991,11118.4,9/2/1991 0:00,1206
1207,TOLSTOI,1990,3787.9,7/1/1990 0:00,1207
1208,MINNIE,1990,1063.9,7/2/1990 0:00,1208
1209,TODATONTIN,1969,131852.6,6/19/1969 0:00,1209
1210,AUGUS,1977,264488.4,7/16/1977 0:00,1210
1211,TWIN ISLAND,1972,5244.2,7/13/1972 0:00,1211
1212,Telsitna #2,2005,1508.2,7/8/2005 0:00,1212
1213,BIRCH HILL,1990,138510.2,7/4/1990 0:00,1213
1214,MHM N 46,1991,7013.8,7/3/1991 0:00,1214
1215,31037,1990,3324,7/3/1990 0:00,1215
1216,BTT W 77,1990,1823.2,7/3/1990 0:00,1216
1217,South Coleen,2007,1736.8,7/10/2007 0:00,1217
1218,Old Dummy,2005,232187.3,6/16/2005 0:00,1218
1219,332554,1993,12658,7/14/1993 0:00,1219
1220,PORCUPINE,1993,4650.3,7/16/1993 0:00,1220
1221,FYUSE35,1993,4904.5,7/17/1993 0:00,1221
1222,Raven Ridge,2007,2074.7,7/1/2007 0:00,1222
1223,Tok River,2003,5595.4,5/27/2003 0:00,1223
1224,Willow Creek,2004,6936.9,8/8/2004 0:00,1224
1225,Ambler River,2002,1037.459961,7/17/2002 0:00,1225
1226,Albert Creek,2003,1547.300049,6/17/2003 0:00,1226
1227,HARRY,1985,2424.5,8/3/1985 0:00,1227
1228,631039,1986,5570.1,7/9/1986 0:00,1228
1229,TIMBER,1993,13962.7,5/30/1993 0:00,1229
1230,HUS NW 30,1984,2942.2,6/17/1984 0:00,1230
1231,TAL NE 36,1984,2402,6/19/1984 0:00,1231
1232,DISCOVERY,1993,25286.9,6/2/1993 0:00,1232
1233,Hatdolitna Hills,2007,2179.8,7/9/2007 0:00,1233
1234,GMT ESE 42,1977,63240.4,7/24/1977 0:00,1234
1235,Chitanana River,1950,3429.3,7/11/1950 0:00,1235
1236,Fort Yukon #2,1950,2006.2,7/17/1950 0:00,1236
1237,Spirit Lake,2000,97270.8,6/10/2000 0:00,1237
1238,Beaver Creek,2005,164732.4,6/20/2005 0:00,1238
1239,East Fork Hills,2004,1486,7/22/2004 0:00,1239
1240,Koness River,2006,9725.4,6/15/2006 0:00,1240
1241,PRETTY GRIM,1968,20920.8,7/26/1968 0:00,1241
1242,HURTEN,1968,1717.1,7/25/1968 0:00,1242
1243,GOBLIN,1968,2465,7/26/1968 0:00,1243
1244,KUDOS,1968,6097.8,7/29/1968 0:00,1244
1245,MOTHER,1968,1986.3,7/28/1968 0:00,1245
1246,Hot Springs Creek 1,2007,4706.3,7/6/2007 0:00,1246
1247,532391,1995,2926.2,7/29/1995 0:00,1247
1248,Glacier,1999,2341.7,7/28/1999 0:00,1248
1249,TOLSTOI,1955,2746.1,5/6/1955 0:00,1249
1250,Marten Island,2007,2317.8,6/4/2007 0:00,1250
1251,531047,1985,91939.3,8/6/1985 0:00,1251
1252,531049,1985,1499.2,8/7/1985 0:00,1252
1253,TAL N 25,1991,12464,7/1/1991 0:00,1253
1254,Tract 12,1984,3046.6,6/22/1984 0:00,1254
1255,WAY UP N #2,1985,1880.3,8/9/1985 0:00,1255
1256,Soda,1991,5736.9,6/30/1991 0:00,1256
1257,GRANITE MTN,1960,41541.8,6/8/1960 0:00,1257
1258,LAKE,1969,3232.4,7/1/1969 0:00,1258
1259,CIRCLE 6 NE,1975,1387.1,6/8/1975 0:00,1259
1260,Wall Street,2004,89279.5,6/22/2004 0:00,1260
1261,Goiter Fire,2005,9800.8,6/17/2005 0:00,1261
1262,Forty and 1/2 mile creek,2007,2225.2,7/20/2007 0:00,1262
1263,S.W. Butte,1950,17531.4,6/23/1950 0:00,1263
1264,SALCHA MILITARY,1966,47777.6,7/10/1966 0:00,1264
1265,KAIYUH,1965,1281,6/29/1965 0:00,1265
1266,HOLY CROSS E-32,1962,1236.8,7/19/1962 0:00,1266
1267,OPHIR N-12,1962,1135,7/19/1962 0:00,1267
1268,GAL N 38,1990,65086.6,7/2/1990 0:00,1268
1269,CIK SE 30,1990,1511.1,7/18/1990 0:00,1269
1270,ALAGNAK,1990,1732.8,7/19/1990 0:00,1270
1271,Nine Mile,1997,1281.3,7/3/1997 0:00,1271
1272,PEACE RIVER,1997,2783.2,7/22/1997 0:00,1272
1273,BTT SW 61,1990,2534.1,7/7/1990 0:00,1273
1274,TAL NE 50,1990,17627.2,7/7/1990 0:00,1274
1275,31042,1990,1466.2,7/7/1990 0:00,1275
1276,WHERE,1990,20484.6,7/3/1990 0:00,1276
1277,Caribou,1986,3491.5,6/30/1986 0:00,1277
1278,Kuka,2007,2399.3,7/5/2007 0:00,1278
1279,CLEAR FORK,1990,46194.3,7/4/1990 0:00,1279
1280,Hess Creek/731444,1997,1367.2,7/1/1997 0:00,1280
1281,Big Bend,2007,2939.7,7/9/2007 0:00,1281
1282,Runt Creek,2007,9807.2,7/9/2007 0:00,1282
1283,Big Mountain,2007,2709,7/9/2007 0:00,1283
1284,MOOSE CRK,1990,150750.4,7/6/1990 0:00,1284
1285,32033,1990,27096.3,7/3/1990 0:00,1285
1286,Birch,1999,20186.9,6/15/1999 0:00,1286
1287,Tolovana Flats,2000,3644.7,6/14/2000 0:00,1287
1288,Beaver Trail Fire,1950,43564.4,7/21/1950 0:00,1288
1289,GLACIER CREEK,1968,1238.9,7/24/1968 0:00,1289
1290,LAWSON CREEK,1968,34359,7/23/1968 0:00,1290
1291,Chitanatala Mountains,2005,35670.4,8/9/2005 0:00,1291
1292,132241,1991,89427.6,6/9/1991 0:00,1292
1293,132242,1991,10180.8,6/9/1991 0:00,1293
1294,Waldren,1991,12557.4,6/30/1991 0:00,1294
1295,LEWIS,1971,18105.9,6/28/1971 0:00,1295
1296,NOKO I,1977,1380.9,7/11/1977 0:00,1296
1297,KOYUK #1,1956,12655.7,6/21/1956 0:00,1297
1298,CACHE MOUNTAIN,1955,2798.8,7/25/1955 0:00,1298
1299,Fort Hamlin Hills,2004,98279.1,6/15/2004 0:00,1299
1300,Wood River,1999,7736.2,6/18/1999 0:00,1300
1301,OTZ NE 40,1977,24513,7/24/1977 0:00,1301
1302,BTT W 47,1977,1848.8,7/16/1977 0:00,1302
1303,PEPYS,1968,5111.4,7/29/1968 0:00,1303
1304,Davis,1946,4006.8,6/3/1946 0:00,1304
1305,HOYLE,1990,30200.6,7/4/1990 0:00,1305
1306,DEVILS ELBOW W-16,1962,2304,7/19/1962 0:00,1306
1307,CHRISTMAS MTN,1960,2529.7,5/19/1960 0:00,1307
1308,VENETIE S15,1954,56858,7/1/1954 0:00,1308
1309,Boundary 40 mile #2,1950,1222,7/24/1950 0:00,1309
1310,MURPHY DOME W-5,1958,22065.8,7/3/1958 0:00,1310
1311,HILL 1224,1957,155471.2,6/22/1957 0:00,1311
1312,BIRCHES SW-10,1957,1642.8,7/28/1957 0:00,1312
1313,WOLF MT. N-10,1957,15471.7,7/28/1957 0:00,1313
1314,Taksleksluk North,2006,4016.6,7/7/2006 0:00,1314
1315,Otter Creek,2005,3098.6,8/3/2005 0:00,1315
1316,Rapid Creek,1986,4587.9,6/15/1986 0:00,1316
1317,WILD,2000,4635.7,6/9/2000 0:00,1317
1318,Hadweenzic,2003,192474.7,6/24/2003 0:00,1318
1319,Grant Dome,2005,4668.8,7/26/2005 0:00,1319
1320,NORTH HORN,2006,2732.1,7/6/2006 0:00,1320
1321,Holly Lakes,2005,9672.2,6/16/2005 0:00,1321
1322,MADISON CREEK,1972,1670.5,7/14/1972 0:00,1322
1323,ANTLER,1972,1712.8,7/15/1972 0:00,1323
1324,Tetthajik,1999,9420.5,6/18/1999 0:00,1324
1325,CLEARWATER#1,1995,2348.1,5/3/1995 0:00,1325
1326,532148,1995,1654.3,5/12/1995 0:00,1326
1327,Gold Creek,2004,1993.9,7/4/2004 0:00,1327
1328,Sethkokna River,2005,3037.5,7/11/2005 0:00,1328
1329,Little,1991,7802.4,7/1/1991 0:00,1329
1330,Dall River,2000,12863.4,6/9/2000 0:00,1330
1331,832043,1988,120515.6,6/15/1988 0:00,1331
1332,Granite Creek,1987,45274.9,5/22/1987 0:00,1332
1333,BEAR CREEK,1972,1667,7/7/1972 0:00,1333
1334,West Fork,2004,5825.4,7/19/2004 0:00,1334
1335,Innoko,1986,1306.5,7/4/1986 0:00,1335
1336,Border,1986,1360.3,6/28/1986 0:00,1336
1337,DCK SW  47,1986,17216,5/31/1986 0:00,1337
1338,SMT S 25,1986,4436.5,6/4/1986 0:00,1338
1339,804028,1988,60843.1,7/12/1988 0:00,1339
1340,BTT S 56,1988,1566.2,7/27/1988 0:00,1340
1341,Appel,1991,3988.6,7/1/1991 0:00,1341
1342,132614,1991,37943.1,7/1/1991 0:00,1342
1343,Salmon 2 W,1988,10557,6/28/1988 0:00,1343
1344,831016,1988,6306.3,6/29/1988 0:00,1344
1345,Hard Luck Creek,1996,2316.7,6/17/1996 0:00,1345
1346,GAL NE 57,1985,33438.2,7/13/1985 0:00,1346
1347,SLEETMUTE FIRES,1957,163827.1,6/7/1957 0:00,1347
1348,KATEEL RIVER #5,1957,1130021.4,6/10/1957 0:00,1348
1349,131615,1991,15790,7/1/1991 0:00,1349
1350,KANUTI,1972,2840.7,7/13/1972 0:00,1350
1351,BEAR,1973,23830.3,7/3/1973 0:00,1351
1352,331582,1993,7763.4,7/16/1993 0:00,1352
1353,331585,1993,7651.7,7/16/1993 0:00,1353
1354,Grayling Creek,2007,5419,7/8/2007 0:00,1354
1355,HUSLIA RIVER #2,1956,146858.9,6/14/1956 0:00,1355
1356,CEM NW 25,1988,7638.3,6/27/1988 0:00,1356
1357,832093,1988,27196.4,6/28/1988 0:00,1357
1358,ILIAMNA,1957,16318,7/6/1957 0:00,1358
1359,DISCOVERY,1968,28500.2,7/23/1968 0:00,1359
1360,IDITAROD FIRES,1957,77700,6/8/1957 0:00,1360
1361,Big River Fire No. 2,1951,6653.8,7/13/1951 0:00,1361
1362,PEDRO DOME,1990,1326.3,7/4/1990 0:00,1362
1363,Preacher Creek,2004,235694.7,6/14/2004 0:00,1363
1364,832064,1988,284466.5,6/29/1988 0:00,1364
1365,Preacher Creek,2005,69429.9,6/12/2005 0:00,1365
1366,Rock Creek,2004,36130.9,7/4/2004 0:00,1366
1367,West Fork Nixon,1997,51945.6,7/5/1997 0:00,1367
1368,TAL N 47,1990,70859,7/18/1990 0:00,1368
1369,BTT E 12,1977,12537.4,7/31/1977 0:00,1369
1370,TOBYS CABIN,1972,84254.5,7/8/1972 0:00,1370
1371,31062,1990,32281.2,7/2/1990 0:00,1371
1372,Munson Creek,1950,8987.4,7/3/1950 0:00,1372
1373,Angel Creek - Chena Dome,1950,2497.3,7/6/1950 0:00,1373
1374,Preacher Creek,1950,2605.3,7/10/1950 0:00,1374
1375,Nulato #4,1950,2009.6,12/31/1950 0:00,1375
1376,Susu,1986,5229.8,7/4/1986 0:00,1376
1377,Un Chena,2002,4475.6,6/7/2002 0:00,1377
1378,HUS SW 23,1985,1340.2,8/6/1985 0:00,1378
1379,HUGHES NW10,1954,2814.6,7/17/1954 0:00,1379
1380,CEMENT CREEK,1966,24034.5,7/23/1966 0:00,1380
1381,OME NW 60,1994,2795.2,6/11/1994 0:00,1381
1382,BTT SE 59,1990,20790.7,7/15/1990 0:00,1382
1383,Luck,1991,9996.6,7/2/1991 0:00,1383
1384,Sawmill Ck. #1,1996,1359.7,6/8/1996 0:00,1384
1385,Milepost 85,2002,21573.2,8/4/2002 0:00,1385
1386,GAL NW 58,1994,1500.5,6/11/1994 0:00,1386
1387,TAL NE 33,1994,15973.8,6/10/1994 0:00,1387
1388,432250,1994,1203.8,6/11/1994 0:00,1388
1389,MILITARY 1,1976,6379.8,6/13/1976 0:00,1389
1390,FYU NW 92,1988,20921.5,6/26/1988 0:00,1390
1391,CHRISTIAN VILLAGE SW15,1954,1242.1,7/4/1954 0:00,1391
1392,631305 Stevens Cr.,1996,3808.5,5/26/1996 0:00,1392
1393,Dennison,2006,3132.2,6/18/2006 0:00,1393
1394,Big Creek,1996,47830.6,6/16/1996 0:00,1394
1395,BTT ENE 71,1977,2840.3,7/31/1977 0:00,1395
1396,Roundabout Mountain,1999,5763,7/11/1999 0:00,1396
1397,Beaver Creek,2000,3379.1,6/13/2000 0:00,1397
1398,Wein Lk,1996,24605.3,6/17/1996 0:00,1398
1399,TAL SW 56,1991,2211.3,6/27/1991 0:00,1399
1400,Grand Creek,2000,93316.3,6/27/2000 0:00,1400
1401,Champion Creek,2004,15591.4,6/26/2004 0:00,1401
1402,CENTRAL CREEK,1968,37026.5,7/23/1968 0:00,1402
1403,Hajdukovich,1994,21986.5,6/14/1994 0:00,1403
1404,Butte Creek,1997,3590.1,7/2/1997 0:00,1404
1405,Old Woman River,2005,2489.3,7/26/2005 0:00,1405
1406,TONZONA,1972,2703.9,7/8/1972 0:00,1406
1407,GOLSOVIA,1973,3244.3,7/3/1973 0:00,1407
1408,TAL SW 38,1991,3052.2,7/3/1991 0:00,1408
1409,Hadolitna Hills,1996,1198.3,6/18/1996 0:00,1409
1410,Gisasa River,2005,52606.4,7/1/2005 0:00,1410
1411,South Fork,2002,10000.8,7/17/2002 0:00,1411
1412,SAND CR,1967,7783.2,6/17/1967 0:00,1412
1413,GRANITE MOUNTAIN,1954,18054.6,8/7/1954 0:00,1413
1414,McCoy Creek,1999,5101.7,7/5/1999 0:00,1414
1415,Parks Hwy,2006,130186.2,6/7/2006 0:00,1415
1416,Round Lake,1999,1514,7/14/1999 0:00,1416
1417,Little Mud,1999,1131.7,7/13/1999 0:00,1417
1418,Chicken #1,2004,320155.9,6/15/2004 0:00,1418
1419,KATLITNA,1994,43730.6,6/13/1994 0:00,1419
1420,BEAVER CK,2000,1159.2,6/24/2000 0:00,1420
1421,Yukon Creek,2000,61290.4,6/25/2000 0:00,1421
1422,FYU W 90,1988,71838.9,6/26/1988 0:00,1422
1423,Melozi Moran,1999,59237.8,6/27/1999 0:00,1423
1424,Koness River,2007,6860.1,6/28/2007 0:00,1424
1425,Little Montana Creek,2015,1046.2,6/23/2015 0:00,1425
1426,Hickey Creek,2015,33131.3,6/20/2015 0:00,1426
1427,Nikolai Slough,2015,5802.2,6/21/2015 0:00,1427
1428,32034,1990,48868,7/17/1990 0:00,1428
1429,Dr. Beaver Creek,1997,21121.6,6/4/1997 0:00,1429
1430,SOONKAKAT RIVER,1997,2977.4,8/2/1997 0:00,1430
1431,Marshall Creek,1999,21642.6,7/2/1999 0:00,1431
1432,MIDDLEFORK,1990,3661.8,6/30/1990 0:00,1432
1433,Jim River,2002,23907.5,7/19/2002 0:00,1433
1434,Duluth,2001,2110.5,9/24/2001 0:00,1434
1435,SAM TROUT,1977,1519.1,8/8/1977 0:00,1435
1436,FYU E 66,1977,3562.1,9/4/1977 0:00,1436
1437,BTT N 15,1977,1949.3,7/31/1977 0:00,1437
1438,KOKWIM,1990,109324.8,7/4/1990 0:00,1438
1439,FYU NE 22,1988,3921.1,6/30/1988 0:00,1439
1440,832054,1988,3517.8,6/30/1988 0:00,1440
1441,DCK S 35,1987,1384.1,6/8/1987 0:00,1441
1442,FYU NE 22,1988,9600.3,7/4/1988 0:00,1442
1443,Sheenjek,2007,1029.2,7/11/2007 0:00,1443
1444,Big `Ol Monster,1999,23200.4,6/19/1999 0:00,1444
1445,Zitziana,2000,164383.6,6/13/2000 0:00,1445
1446,Kiliovilik Creek,1999,2061.1,7/12/1999 0:00,1446
1447,Tlatl Hills,2005,6690,7/27/2005 0:00,1447
1448,WBQ NW 25,1988,71386.8,7/14/1988 0:00,1448
1449,832103,1988,14361.8,8/1/1988 0:00,1449
1450,WBQ NW 30,1988,33371.7,7/14/1988 0:00,1450
1451,Six Mile,2005,25918.6,6/16/2005 0:00,1451
1452,CEMW62,1993,4542.9,7/17/1993 0:00,1452
1453,Tazlina Lake,1991,6701.9,6/22/1991 0:00,1453
1454,Milepost 78,2002,115319.8,5/23/2002 0:00,1454
1455,Takoma Bluff,2004,8304.5,7/11/2004 0:00,1455
1456,Big Creek,2007,3416.9,7/5/2007 0:00,1456
1457,732050,1987,3518.8,6/5/1987 0:00,1457
1458,832102,1988,6449.2,8/1/1988 0:00,1458
1459,BTT NW 65,1988,2265.4,7/13/1988 0:00,1459
1460,Rock Creek,2004,5752.4,7/21/2004 0:00,1460
1461,332292,1993,61498.6,6/6/1993 0:00,1461
1462,Paradise,1992,33057.3,6/11/1992 0:00,1462
1463,BTTS S 40,1990,289913.6,7/2/1990 0:00,1463
1464,ARC SE 32,1988,17164.1,7/14/1988 0:00,1464
1465,MCG NW 53,1994,2203.8,6/8/1994 0:00,1465
1466,Upper Healy River,2004,6036.5,8/13/2004 0:00,1466
1467,Little Mud #2,2005,193399.8,6/11/2005 0:00,1467
1468,131549,1991,2990.5,6/29/1991 0:00,1468
1469,FAIRPLAY W-5,1958,2913.2,6/3/1958 0:00,1469
1470,SHIRLEY LAKE,1955,2400.6,6/18/1955 0:00,1470
1471,Kevinjik,1999,232605.5,6/20/1999 0:00,1471
1472,Surprise,1991,3119.3,7/7/1991 0:00,1472
1473,Yunle Lakes,1996,22411,6/21/1996 0:00,1473
1474,Slender Smoke,1996,37292.4,7/11/1996 0:00,1474
1475,TAL NW 85,1985,16426.2,7/31/1985 0:00,1475
1476,Rodo River,2004,8715.7,7/16/2004 0:00,1476
1477,BILLY LAKE,1995,1033.6,6/12/1995 0:00,1477
1478,Hog Head,1999,2140.8,7/12/1999 0:00,1478
1479,131655,1991,28013.9,7/3/1991 0:00,1479
1480,132376,1991,55978.3,6/22/1991 0:00,1480
1481,KOKHILA HILLS,1997,36546.2,6/8/1997 0:00,1481
1482,BEAR MT,1971,86912.4,6/24/1971 0:00,1482
1483,FYU W 84,1990,4174.2,7/5/1990 0:00,1483
1484,31058,1990,2323.2,7/5/1990 0:00,1484
1485,31039,1990,2720.7,7/5/1990 0:00,1485
1486,Highpower Creek,2005,115877.6,6/14/2005 0:00,1486
1487,BTT W 31,1990,2159,7/5/1990 0:00,1487
1488,TAL SW 83,1993,4990.6,6/4/1993 0:00,1488
1489,TAL S 27,1993,7377.7,7/16/1993 0:00,1489
1490,DUNE LAKE,1993,2578,7/15/1993 0:00,1490
1491,331573,1993,3282.9,7/16/1993 0:00,1491
1492,Coleen,2007,20937.1,7/9/2007 0:00,1492
1493,31006,1990,7312.2,5/27/1990 0:00,1493
1494,TAL N 25,1993,28199.5,6/30/1993 0:00,1494
1495,Indian Grave Creek,2004,26609.9,6/17/2004 0:00,1495
1496,Wolf,2005,8981.9,8/2/2005 0:00,1496
1497,Graham,2002,7274.8,6/20/2002 0:00,1497
1498,Deadman Island,1996,34912.1,6/19/1996 0:00,1498
1499,42 Mile Creek,1996,39091.1,6/19/1996 0:00,1499
1500,FYU NE 47,1987,7468.9,7/11/1987 0:00,1500
1501,FYU S 39,1987,7876.8,7/13/1987 0:00,1501
1502,CEM W 44,1987,8774.6,7/14/1987 0:00,1502
1503,Colorado,1986,1530.8,7/4/1986 0:00,1503
1504,MILITARY #8,1990,25599.7,7/5/1990 0:00,1504
1505,EAA NW 50,1993,2259.5,7/3/1993 0:00,1505
1506,SHAWNEE,1990,9839.2,7/9/1990 0:00,1506
1507,60 MILE BUTTE,1990,1085.4,7/4/1990 0:00,1507
1508,Big Creek,2000,1980.8,7/10/2000 0:00,1508
1509,IAN NW 30,1991,8922.7,7/2/1991 0:00,1509
1510,Dennison Fork,1995,1702.7,5/12/1995 0:00,1510
1511,INOWAK,1997,492690.9,6/25/1997 0:00,1511
1512,Kalyuh Hill,2005,8958.8,7/29/2005 0:00,1512
1513,KATLITNA,1985,8105.3,8/3/1985 0:00,1513
1514,Twin,1991,12725.6,6/30/1991 0:00,1514
1515,Mooseheart,2007,21508.3,5/23/2007 0:00,1515
1516,Bear Creek,2005,5206.8,6/10/2005 0:00,1516
1517,CEM W 26,1990,8610.7,7/4/1990 0:00,1517
1518,Minto Flats South,2009,534911,6/21/2009 0:00,1518
1519,Nekakte,2012,6297.8,6/7/2012 0:00,1519
1520,Billy Creek,2013,11993.6,6/22/2013 0:00,1520
1521,Lunch Lake,2009,8035.1,6/20/2009 0:00,1521
1522,PUFF,1972,7012.3,7/14/1972 0:00,1522
1523,Kenai,1947,318091,6/3/1947 0:00,1523
1524,Moon Lake,2013,24391.3,6/25/2013 0:00,1524
1525,Aggie Creek,1981,13281.3,6/14/1981 0:00,1525
1526,Hard Luck,1981,1776.4,6/16/1981 0:00,1526
1527,BETTLES W-40,1957,85063.2,7/5/1957 0:00,1527
1528,Kanuti River,2009,3225.2,7/31/2009 0:00,1528
1529,Ft. Hamlin Hills,2009,4293.3,7/30/2009 0:00,1529
1530,South Boney,2009,7883.5,7/6/2009 0:00,1530
1531,Big Lake,2009,2908.7,5/25/2009 0:00,1531
1532,CROOKED CREEK,1957,1576.9,6/6/1957 0:00,1532
1533,Gagaryah,2009,7306.5,7/2/2009 0:00,1533
1534,Bear Lake,2009,3344.8,6/19/2009 0:00,1534
1535,FYU NE 10,1979,3783.1,7/17/1979 0:00,1535
1536,Nelson Mountain,2005,242687.9,6/13/2005 0:00,1536
1537,FYU W 82,1979,233556.6,7/19/1979 0:00,1537
1538,FYU NNW 87,1979,2868.3,7/19/1979 0:00,1538
1539,Unknown001,1974,8363.9,8/6/1974 0:00,1539
1540,OTZ N 55,1988,14291.9,7/6/1988 0:00,1540
1541,Unknown001,1972,2281.5,7/13/1972 0:00,1541
1542,STRAIGHT CREEK,1972,3878.7,7/11/1972 0:00,1542
1543,Tozitna River,2009,5092.1,6/13/2009 0:00,1543
1544,TAL SW 53,1990,4538.9,6/25/1990 0:00,1544
1545,GAL S 57,1991,2035.5,6/28/1991 0:00,1545
1546,GALSW28,1993,1280.5,7/22/1993 0:00,1546
1547,Crazy Mountain,1953,16706.2,6/3/1953 0:00,1547
1548,Sawtooth Mtn. #1,1953,1643.6,7/29/1953 0:00,1548
1549,YUKON FLATS #1,1959,44596.7,6/25/1959 0:00,1549
1550,CABIN,1971,6473.8,6/21/1971 0:00,1550
1551,TAL S 27,1994,7351.3,6/6/1994 0:00,1551
1552,POCAHONTAS,1968,129867,7/29/1968 0:00,1552
1553,Oklahoma 2,2009,38398.3,5/1/2009 0:00,1553
1554,22 Mile Village,1951,53481.5,7/2/1951 0:00,1554
1555,Christian River Fire,1951,18997.4,7/2/1951 0:00,1555
1556,Kaluktavik River,2010,19598.4,7/2/2010 0:00,1556
1557,DENALI,1982,10552.2,7/4/1982 0:00,1557
1558,204005,1982,2058.2,7/8/1982 0:00,1558
1559,MHM SE 16,1993,3204.7,6/13/1993 0:00,1559
1560,TAL SE 87,1990,25084.4,7/14/1990 0:00,1560
1561,631010,1986,56228.7,7/4/1986 0:00,1561
1562,31063,1990,17544.9,7/15/1990 0:00,1562
1563,31060,1990,49142.2,7/4/1990 0:00,1563
1564,TAL SE 92,1990,44216.3,6/30/1990 0:00,1564
1565,131492,1991,14644.4,6/27/1991 0:00,1565
1566,SANDS NE-15,1959,108595.4,6/23/1959 0:00,1566
1567,Franklin Creek,2009,19984.2,6/12/2009 0:00,1567
1568,Winter Trail,2009,2308.3,6/17/2009 0:00,1568
1569,ROGERS,1967,28675,6/16/1967 0:00,1569
1570,Kenai Lake,1959,6292.5,6/10/1959 0:00,1570
1571,UNION CREEK,1967,1875.9,6/19/1967 0:00,1571
1572,TAYLOR MT,1967,5428.4,6/14/1967 0:00,1572
1573,Pat Creek,2010,72691.7,6/25/2010 0:00,1573
1574,Feniak,2012,1566.8,7/4/2012 0:00,1574
1575,Big Creek,2009,169638.7,7/18/2009 0:00,1575
1576,Muddy Lake,2009,3993.7,7/18/2009 0:00,1576
1577,Ladue,2007,19246,6/19/2007 0:00,1577
1578,Shanta Creek,2009,13212.2,6/30/2009 0:00,1578
1579,PAIMIUT,1997,3459,7/22/1997 0:00,1579
1580,Slokenjikh River,2010,10682.1,5/29/2010 0:00,1580
1581,Turquoise Lake,2010,91885.4,5/17/2010 0:00,1581
1582,Hawk River,2010,10066.5,5/31/2010 0:00,1582
1583,Ungalik River,1997,1181,6/8/1997 0:00,1583
1584,Montana Creek,2010,6036.4,6/23/2010 0:00,1584
1585,MULCHATNA,1993,1028.2,7/19/1993 0:00,1585
1586,S.E. NORTHWAY,1954,4665.1,8/10/1954 0:00,1586
1587,Yuko River,1953,2208.3,7/28/1953 0:00,1587
1588,Kotol River,1953,11192.4,7/28/1953 0:00,1588
1589,CDL E 14,1977,139152.5,7/24/1977 0:00,1589
1590,FLUTE,1970,1125.4,7/4/1970 0:00,1590
1591,Carla Lake,1998,54432.2,5/21/1998 0:00,1591
1592,Twomile Creek,2010,4244.9,5/29/2010 0:00,1592
1593,Hog River,2010,1111.3,6/10/2010 0:00,1593
1594,UNKESE31,1993,1628.7,7/22/1993 0:00,1594
1595,REINDEER,1997,35480.2,7/22/1997 0:00,1595
1596,Navashak Lake East,2010,8664.4,7/3/2010 0:00,1596
1597,Gagaryah #2,2009,19690.1,7/3/2009 0:00,1597
1598,Cheeneetnuk,2009,37527.4,7/2/2009 0:00,1598
1599,Caribou Hills,2007,55437.8,6/19/2007 0:00,1599
1600,Blueberry,1986,10279.2,6/15/1986 0:00,1600
1601,SWAMP,1971,10460.5,6/28/1971 0:00,1601
1602,JOHN HANSEN,1969,92979.1,6/23/1969 0:00,1602
1603,Kazakof Bay,1996,1010.8,5/9/1996 0:00,1603
1604,BTT SS 53,1991,17102.4,7/1/1991 0:00,1604
1605,Waldron Creek,2004,7022,7/9/2004 0:00,1605
1606,Nabesna River Fire,1948,6224,6/13/1948 0:00,1606
1607,12 Mile Slana River,1948,2115.6,7/7/1948 0:00,1607
1608,Haggard,1946,4800.3,7/11/1946 0:00,1608
1609,22 Mile Tok Road,1947,18781.1,7/24/1947 0:00,1609
1610,West Crazy,2007,6057.8,6/3/2007 0:00,1610
1611,Birch Creek,1951,38787.2,5/30/1951 0:00,1611
1612,632097,1986,39633.1,7/1/1986 0:00,1612
1613,Middle Fork,1986,2649.7,7/4/1986 0:00,1613
1614,Flat Creek,1986,1296.9,7/4/1986 0:00,1614
1615,331653,1993,9813.6,7/20/1993 0:00,1615
1616,Toklat,2010,133857,5/16/2010 0:00,1616
1617,Blind Luck,2008,14288.7,7/7/2008 0:00,1617
1618,NENANA W-20,1958,2830,5/11/1958 0:00,1618
1619,TELSITNA RIVER,1958,1387.2,6/9/1958 0:00,1619
1620,GLOBE CREEK NW-5,1958,5219.1,6/22/1958 0:00,1620
1621,COPPER CANYON,1958,5398.3,7/7/1958 0:00,1621
1622,KING CREEK,1969,4617.6,6/22/1969 0:00,1622
1623,SCHIEFFLIN,1969,1513.2,6/22/1969 0:00,1623
1624,HIDDEN CREEK,1968,8739.2,7/23/1968 0:00,1624
1625,BEAR CREEK,1977,374389.2,8/6/1977 0:00,1625
1626,ENN SW 9,1977,1650.8,6/11/1977 0:00,1626
1627,CABLE,1972,6701.4,7/9/1972 0:00,1627
1628,HSL S 10,1984,3206.5,7/3/1984 0:00,1628
1629,BUZA,1974,352077.1,6/24/1974 0:00,1629
1630,TOK RIVER,1990,103274.9,7/1/1990 0:00,1630
1631,414008,1984,3316.1,6/11/1984 0:00,1631
1632,MCARTHURCREEK,1999,9209.1,6/13/1999 0:00,1632
1633,Box River,2005,5591.2,6/25/2005 0:00,1633
1634,CEM WNW 73,1992,3002.5,6/29/1992 0:00,1634
1635,ALBERT CREEK,1974,1993.1,8/2/1974 0:00,1635
1636,Shawnee Peak,1997,1467.8,7/2/1997 0:00,1636
1637,832073,1988,3687,7/12/1988 0:00,1637
1638,LowerLadue,1999,53842,6/12/1999 0:00,1638
1639,UpperWestFork,1999,35776,6/12/1999 0:00,1639
1640,REED RIVER,1997,4749.4,7/2/1997 0:00,1640
1641,Pastoliak River,2000,12890.9,12/28/2000 0:00,1641
1642,Minto,1999,3876.2,6/13/1999 0:00,1642
1643,FYU NW 97,1988,1188.1,6/12/1988 0:00,1643
1644,FYU W 37,1987,1134.3,7/15/1987 0:00,1644
1645,NOWITNA,1966,51484.3,8/12/1966 0:00,1645
1646,SHEEJEK,1968,3148,7/16/1968 0:00,1646
1647,AMOS LAKE,1969,6452.5,6/13/1969 0:00,1647
1648,VON FRANK,1969,2433.2,7/7/1969 0:00,1648
1649,Porcupine,2004,284593.7,6/21/2004 0:00,1649
1650,Evansville,2004,135652.7,7/6/2004 0:00,1650
1651,CLEARWATER #2,1995,1217.3,6/14/1995 0:00,1651
1652,IVA,1972,11237.6,7/9/1972 0:00,1652
1653,Bear Paw Mountain,2005,6777.6,7/16/2005 0:00,1653
1654,Moose Creek,2002,5383.2,7/17/2002 0:00,1654
1655,SAWTOOTH MOUNTAIN S-6,1957,33480.2,7/11/1957 0:00,1655
1656,ROGERS CREEK,1955,1007.3,7/25/1955 0:00,1656
1657,Big Sitdown Creek,2005,6969.3,6/11/2005 0:00,1657
1658,332229,1993,11534.6,6/2/1993 0:00,1658
1659,TOK-KAN SW5,1957,8374.9,7/5/1957 0:00,1659
1660,Graveyard Creek      631360,1996,11362.6,6/3/1996 0:00,1660
1661,BTT S 49,1991,33596.3,7/1/1991 0:00,1661
1662,Akikukchiak,2005,1368.8,6/17/2005 0:00,1662
1663,DONKEY,1972,18271.8,7/10/1972 0:00,1663
1664,HEALY,1958,39261.3,7/4/1958 0:00,1664
1665,BOUNDARY CREEK,1957,1661.9,6/26/1957 0:00,1665
1666,532370,1995,6451.9,7/15/1995 0:00,1666
1667,GAL NE76,1995,2582.7,7/16/1995 0:00,1667
1668,DCKN178,1993,16786.5,7/3/1993 0:00,1668
1669,SPITLER,1990,5883.4,7/25/1990 0:00,1669
1670,531004,1985,1234.1,6/5/1985 0:00,1670
1671,NIKOLAI SLOUGH-BEAR CREEK,1957,2896.6,6/10/1957 0:00,1671
1672,GRANT CREEK,1957,8395.3,6/13/1957 0:00,1672
1673,MARY,1974,10350.6,6/21/1974 0:00,1673
1674,31012,1990,4955.9,5/29/1990 0:00,1674
1675,31035,1990,6137.7,7/3/1990 0:00,1675
1676,JOHN,1969,70895,6/27/1969 0:00,1676
1677,Noyuk,2007,2762.4,7/5/2007 0:00,1677
1678,Tatalina,1981,78260.9,6/16/1981 0:00,1678
1679,TODATONTEN,1981,23674.7,6/18/1981 0:00,1679
1680,DISHKAKET NE-10,1957,26792.9,6/25/1957 0:00,1680
1681,TWO LAKES,1981,2586.3,6/22/1981 0:00,1681
1682,Walker Fork,1998,3316.4,6/3/1998 0:00,1682
1683,131462,1991,16865.6,6/26/1991 0:00,1683
1684,BONANZA,1981,6584.3,6/20/1981 0:00,1684
1685,CROOKED CR,1990,8427.5,7/1/1990 0:00,1685
1686,EIL NE 20,1976,5728.6,6/10/1976 0:00,1686
1687,BTT SSW 55,1994,2223.1,6/10/1994 0:00,1687
1688,Cirle City N 14,1977,62561.4,7/26/1977 0:00,1688
1689,DUBLI #2,1956,114820.5,6/12/1956 0:00,1689
1690,DUBLI #1,1956,2495.4,6/12/1956 0:00,1690
1691,GALENA N-35,1956,22320.2,6/15/1956 0:00,1691
1692,WITCH,1974,34145,6/21/1974 0:00,1692
1693,NONA,1968,33497.3,7/24/1968 0:00,1693
1694,GORKEY,1972,10084.6,7/8/1972 0:00,1694
1695,Reed River,2008,1148.4,6/27/2008 0:00,1695
1696,Hillbilly,2004,9892.8,6/14/2004 0:00,1696
1697,Grant Creek,2000,19247.5,6/13/2000 0:00,1697
1698,HSL W 37,1990,6803.9,7/20/1990 0:00,1698
1699,Cosna River,2005,21194.3,6/17/2005 0:00,1699
1700,BAKER CREEK,1969,9508.3,9/19/1969 0:00,1700
1701,FOSSIL RIDGE,1957,2233.5,6/10/1957 0:00,1701
1702,SUNSHINE MT.,1957,13115.5,6/10/1957 0:00,1702
1703,BTT S 49,1994,8283.1,6/8/1994 0:00,1703
1704,WILSON,1968,2962.7,7/22/1968 0:00,1704
1705,HOLIKACHUK,1957,430966.5,6/11/1957 0:00,1705
1706,BLAIR LAKES #2,1957,1452.2,6/11/1957 0:00,1706
1707,Su River,2007,8489.9,6/20/2007 0:00,1707
1708,BETHEL 1/2S,1957,2290.8,7/12/1957 0:00,1708
1709,BLEAK SPOT,1968,1527.4,7/9/1968 0:00,1709
1710,NIX,1969,26675.1,6/29/1969 0:00,1710
1711,Mile 245 ARR,1943,3484.2,5/14/1943 0:00,1711
1712,132460,1991,75207.3,6/26/1991 0:00,1712
1713,CANOE MTN.,1990,16452.8,7/23/1990 0:00,1713
1714,EIGHT MILE,1990,12660.3,7/24/1990 0:00,1714
1715,Iliamna Lake,1943,5999.1,6/19/1943 0:00,1715
1716,Nowitna #3,1953,99379.2,6/19/1953 0:00,1716
1717,BTT SW 53,1990,27858.3,7/19/1990 0:00,1717
1718,VICTORIA CREEK,1957,9395.5,6/27/1957 0:00,1718
1719,TOLOVANA SW-20,1957,3890.6,7/2/1957 0:00,1719
1720,WOOD RIVER BUTTES W-10,1957,12764.9,7/6/1957 0:00,1720
1721,ROLLING CREEK #1,1957,152363.2,7/6/1957 0:00,1721
1722,Discovery South,2008,3496.3,7/6/2008 0:00,1722
1723,John River,2008,1660.5,7/8/2008 0:00,1723
1724,Prospect Creek,2008,1685.1,7/9/2008 0:00,1724
1725,Paldo,2007,4605.4,6/2/2007 0:00,1725
1726,Mt.Terrel,1999,11670.7,6/12/1999 0:00,1726
1727,WEST FORK,1998,6731.6,6/30/1998 0:00,1727
1728,MHM NW 42,1995,1237.3,5/12/1995 0:00,1728
1729,Holtnakatna Creek,2005,194015.4,7/25/2005 0:00,1729
1730,FYU W 46,1975,73072.7,7/13/1975 0:00,1730
1731,Three Lakes,2008,35280.6,6/3/2008 0:00,1731
1732,Erickson Creek,2003,117156.7,6/17/2003 0:00,1732
1733,LOMAN,1972,4141.8,7/15/1972 0:00,1733
1734,JOHNHANSEN LAKE,1968,7526.9,8/9/1968 0:00,1734
1735,CAMELBACK,1985,3736.1,8/1/1985 0:00,1735
1736,FISH CREEK #1,1957,39461.8,6/12/1957 0:00,1736
1737,KOYUKUK,1973,11945.2,7/1/1973 0:00,1737
1738,OUR,1968,5406.5,7/24/1968 0:00,1738
1739,OK OK LAKE,1971,8583.7,7/12/1971 0:00,1739
1740,SLAM,1972,12891.8,7/11/1972 0:00,1740
1741,BUCKLAND,1970,11722.2,7/4/1970 0:00,1741
1742,MEANDER,1970,3786.1,7/4/1970 0:00,1742
1743,TANGO CREEK,2000,28906.2,6/25/2000 0:00,1743
1744,MT HURST N-10,1959,3099.3,6/22/1959 0:00,1744
1745,POIGNANT,1972,5630.1,7/14/1972 0:00,1745
1746,BEAVER MT #2,1957,2886.5,6/29/1957 0:00,1746
1747,SIX MILE,1971,44876.4,6/28/1971 0:00,1747
1748,BIG W 17,1983,33533.8,5/9/1983 0:00,1748
1749,232414,1992,39834.9,7/19/1992 0:00,1749
1750,Sheenjek,1950,153868.4,12/31/1950 0:00,1750
1751,FYU W 56,1994,2792,7/3/1994 0:00,1751
1752,TAL W 33,1993,1765.2,6/19/1993 0:00,1752
1753,31036,1990,4067.4,7/3/1990 0:00,1753
1754,BEAVER LOG,1968,1261.6,7/7/1968 0:00,1754
1755,East Fork Yuki River,2005,79209.3,7/30/2005 0:00,1755
1756,Camp Creek,2005,97331.7,6/28/2005 0:00,1756
1757,Little Black River,1950,1366729.1,5/24/1950 0:00,1757
1758,DCK SW 50,1994,17025.6,6/8/1994 0:00,1758
1759,BTT NE 26,1994,6117.9,6/8/1994 0:00,1759
1760,Gould Fire,1950,1959.5,5/29/1950 0:00,1760
1761,Tyonek,2014,1905.6,5/19/2014 0:00,1761
1762,Funny River,2014,196610.1,5/19/2014 0:00,1762
1763,Kogoluktuk River,2012,1689,6/6/2012 0:00,1763
1764,North Aniuk River,2011,1959.1,7/8/2011 0:00,1764
1765,Ladue Fork,2013,7964.5,6/25/2013 0:00,1765
1766,Reindeer River,2010,1502.3,5/28/2010 0:00,1766
1767,West Fork,2013,2243.5,7/13/2013 0:00,1767
1768,Hochandochtla Mountain,2011,7086.2,5/25/2011 0:00,1768
1769,MYSTERY,2010,18951.7,5/27/2010 0:00,1769
1770,Slope,1972,2489.4,7/7/1972 0:00,1770
1771,Applegate,2010,17445.6,5/26/2010 0:00,1771
1772,Bonnifield #1,2011,8592.8,7/9/2011 0:00,1772
1773,TATALINA RIVER,2011,3268,5/30/2011 0:00,1773
1774,Gilahina,2011,1259.6,5/31/2011 0:00,1774
1775,Gisasa River,2011,3154.6,5/25/2011 0:00,1775
1776,Hastings,2011,23110.3,5/30/2011 0:00,1776
1777,Sinyalak Creek,2011,2961.9,7/8/2011 0:00,1777
1778,MCCORD CREEK,2011,7716.9,5/29/2011 0:00,1778
1779,Chitanana,2013,3630.3,8/3/2013 0:00,1779
1780,Bull Creek,2011,1896.7,5/27/2011 0:00,1780
1781,Little Swift Creek,2015,1535.9,6/20/2015 0:00,1781
1782,432225,1994,12902.3,6/9/1994 0:00,1782
1783,Waterfall,2010,1252.1,6/3/2010 0:00,1783
1784,Louie Creek,2010,17837.2,6/23/2010 0:00,1784
1785,Hogatza River,2012,24179.4,6/16/2012 0:00,1785
1786,Stuart Creek 1,2010,1126.6,4/18/2010 0:00,1786
1787,Chitanatala,2010,36632.7,5/26/2010 0:00,1787
1788,Big Duck Lake,2010,3546.4,7/6/2010 0:00,1788
1789,Sandless Lake,2013,59869,6/25/2013 0:00,1789
1790,Hoholitna,2013,2829.3,6/26/2013 0:00,1790
1791,WINDY POINT,1994,3035.3,8/30/1994 0:00,1791
1792,Big Timber Creek,2013,8615.2,6/27/2013 0:00,1792
1793,Kitalitna,2011,24524.8,5/25/2011 0:00,1793
1794,Crater Creek,2013,1634,8/4/2013 0:00,1794
1795,Lost River,2010,15331.4,5/31/2010 0:00,1795
1796,Pahl River,2012,3887.6,6/6/2012 0:00,1796
1797,Allakaket,2012,2709.5,6/20/2012 0:00,1797
1798,Shaktoolik River,2013,11699.5,6/20/2013 0:00,1798
1799,Bear Creek,2013,3530.2,6/21/2013 0:00,1799
1800,North Fork,2015,4054.4,6/21/2015 0:00,1800
1801,Big Salt,2013,3824.2,6/20/2013 0:00,1801
1802,Dempsey Creek,2010,12200,6/4/2010 0:00,1802
1803,Ray River 2,2013,22835.7,6/20/2013 0:00,1803
1804,Uyon Lakes,2012,3894.1,7/6/2012 0:00,1804
1805,BURNT MT,1966,4435.7,8/5/1966 0:00,1805
1806,HORSEMAN LAKE,1971,4661.4,6/26/1971 0:00,1806
1807,Klymunget Cake,1971,2475.3,6/25/1971 0:00,1807
1808,Chitsia Mountain,2011,2534.9,7/9/2011 0:00,1808
1809,Old Woman River,2013,5121.8,6/20/2013 0:00,1809
1810,Ridge Top,2013,2468,6/20/2013 0:00,1810
1811,Castle Rocks,2013,12934.4,7/6/2013 0:00,1811
1812,Lloyd,2011,8817.5,5/31/2011 0:00,1812
1813,Peavey Creek,2010,30238.9,7/1/2010 0:00,1813
1814,Bitter Creek,2013,2256,5/31/2013 0:00,1814
1815,Little Mud,2013,26405.9,6/24/2013 0:00,1815
1816,Sethkokna,2015,3900.2,6/25/2015 0:00,1816
1817,Beaver Log Lakes,2013,64416.1,6/22/2013 0:00,1817
1818,BATZA SLOUGH,1968,5755.9,7/26/1968 0:00,1818
1819,Sulatna River,2013,48078.1,6/21/2013 0:00,1819
1820,East Volkmar,2011,58078.7,5/26/2011 0:00,1820
1821,Kokrines Hills,2012,3719.6,6/5/2012 0:00,1821
1822,Wolf Creek,2004,237178.4,6/8/2004 0:00,1822
1823,Bear Creek #4,2012,8794.9,6/23/2012 0:00,1823
1824,Nikubuma Lake,2013,12852.9,6/19/2013 0:00,1824
1825,Chulitna,2013,2446.8,6/19/2013 0:00,1825
1826,Joint Lake,2013,4334.5,6/29/2013 0:00,1826
1827,Sourdough Creek,2011,1187.9,5/29/2011 0:00,1827
1828,Skinny`s Road,2013,1795,6/25/2013 0:00,1828
1829,Timber Creek,2013,2602.2,6/20/2013 0:00,1829
1830,Discovery Creek,2013,13473.8,7/1/2013 0:00,1830
1831,Bogus Creek,2016,4368.8,7/14/2016 0:00,1831
1832,Yokneda Lake,2016,3264.8,7/14/2016 0:00,1832
1833,Toklat River East,2013,33279.3,6/26/2013 0:00,1833
1834,Delta Creek # 2,2012,3184.5,6/21/2012 0:00,1834
1835,CHITANANA,2011,3051.3,5/30/2011 0:00,1835
1836,Lime Hills,2013,201808.2,5/31/2013 0:00,1836
1837,Chandalar,2013,15528.4,6/23/2013 0:00,1837
1838,Otter Creek,2012,4753.2,6/5/2012 0:00,1838
1839,Moving River,2013,34175.7,6/22/2013 0:00,1839
1840,Dry Creek,2012,47154.4,6/23/2012 0:00,1840
1841,Doestock Creek,2013,29098.9,5/30/2013 0:00,1841
1842,Nation River,2013,11311.3,6/20/2013 0:00,1842
1843,Uvgoon Creek #1,2012,36160.5,7/3/2012 0:00,1843
1844,North Porcupine,2013,23355.5,6/29/2013 0:00,1844
1845,Chandalar River,2016,2847.8,6/29/2016 0:00,1845
1846,South Fork,2016,2610,7/14/2016 0:00,1846
1847,TUNALIK,1971,20287.7,6/24/1971 0:00,1847
1848,Tagagawik,2009,9080.8,6/18/2009 0:00,1848
1849,Card Street,2015,8874.6,6/15/2015 0:00,1849
1850,Apoon,2015,15031.9,6/21/2015 0:00,1850
1851,Sockeye,2015,7264.9,6/14/2015 0:00,1851
1852,Salmon River,2015,15740.4,7/23/2015 0:00,1852
1853,Copenhagen Creek,2015,5166.7,6/22/2015 0:00,1853
1854,Banddana Creek North,2015,3412.1,6/24/2015 0:00,1854
1855,Pitmik River,2016,1092.3,7/15/2016 0:00,1855
1856,Gweek River,2016,1320.1,7/13/2016 0:00,1856
1857,Kobe,2015,8514.8,6/20/2015 0:00,1857
1858,North Fork Flats,2015,15402.8,6/23/2015 0:00,1858
1859,Tobatokh,2015,54036,6/22/2015 0:00,1859
1860,Jackson,2015,7377.4,6/24/2015 0:00,1860
1861,Aropuk Lake,2016,2203.4,6/2/2016 0:00,1861
1862,Village Creek,2015,14998.9,6/21/2015 0:00,1862
1863,Owhat River 2,2016,1088.4,7/13/2016 0:00,1863
1864,Seventymile,2015,2902.3,5/24/2015 0:00,1864
1865,Puk Palik Lake Junior,2015,1009.2,6/29/2015 0:00,1865
1866,Bogus Creek,2015,25259.8,5/31/2015 0:00,1866
1867,King Creek,2015,2238.8,6/21/2015 0:00,1867
1868,Mauneluk River 2,2016,34590.8,7/2/2016 0:00,1868
1869,Goodpaster Valley,2015,1000,6/20/2015 0:00,1869
1870,Bonanza,2016,3965.6,7/11/2016 0:00,1870
1871,Hogatza River,2016,52334.7,6/26/2016 0:00,1871
1872,Iniakuk Lake,2016,36751.9,6/25/2016 0:00,1872
1873,Rock Creek,2015,9177.9,6/23/2015 0:00,1873
1874,Basket Creek #2,2015,1035.6,6/20/2015 0:00,1874
1875,Little South Fork,2015,2737.7,6/22/2015 0:00,1875
1876,Browns,2015,20729.9,6/25/2015 0:00,1876
1877,Little Kokwok,2015,1930,7/10/2015 0:00,1877
1878,Izavlknek River,2015,22613.3,6/23/2015 0:00,1878
1879,Anakshek Pass,2015,15001.8,6/21/2015 0:00,1879
1880,Big Mud,2016,44539.9,6/1/2016 0:00,1880
1881,Igokluk Slough,2015,5645.3,6/21/2015 0:00,1881
1882,Gemuk River,2015,1075.8,6/23/2015 0:00,1882
1883,Soda Creek,2015,16943.9,6/21/2015 0:00,1883
1884,Kuyukutuk River,2016,21304.5,6/3/2016 0:00,1884
1885,Tetlin Hills,2015,1878.6,6/20/2015 0:00,1885
1886,Crazy Slough,2015,8019.8,6/20/2015 0:00,1886
1887,Cod Lake 1,2015,2416.1,6/19/2015 0:00,1887
1888,Puk Palik Lake,2015,14413,6/23/2015 0:00,1888
1889,George River,2016,3733.3,7/14/2016 0:00,1889
1890,John Reek Creek 3,2015,1542.5,6/25/2015 0:00,1890
1891,Melozitna 2,2015,3356.5,6/23/2015 0:00,1891
1892,Oskawalik River,2015,2049.1,6/19/2015 0:00,1892
1893,American Creek,2015,2770.2,6/24/2015 0:00,1893
1894,Reed River,2016,1443.8,7/2/2016 0:00,1894
1895,Deepbank Creek,2015,31917,6/26/2015 0:00,1895
1896,Copenhagen,2015,3342.3,7/4/2015 0:00,1896
1897,Kokwok River,2015,1825,6/20/2015 0:00,1897
1898,Gechiak Lake,2015,18794.9,6/22/2015 0:00,1898
1899,Old Village,2015,1928,6/21/2015 0:00,1899
1900,Hard Luck,2015,12923.7,6/22/2015 0:00,1900
1901,Bruno Creek,2015,15131.6,6/21/2015 0:00,1901
1902,Chuilnuk River,2015,1142.6,7/10/2015 0:00,1902
1903,Eden Creek,2015,45995.7,6/25/2015 0:00,1903
1904,Our,2015,1563.9,7/12/2015 0:00,1904
1905,Honhosa River,2016,10912.8,7/14/2016 0:00,1905
1906,North Aniak,2015,55704,6/22/2015 0:00,1906
1907,Warren Creek,2016,3492,6/10/2016 0:00,1907
1908,Dulbi River,2016,2730.5,6/25/2016 0:00,1908
1909,Big Creek 3,2015,1396.7,6/23/2015 0:00,1909
1910,Stuyahok River,2015,49446,6/24/2015 0:00,1910
1911,Hawk River,2015,15814.3,6/24/2015 0:00,1911
1912,Kokrine,2015,4088.6,6/20/2015 0:00,1912
1913,Sea,2015,111193.9,6/19/2015 0:00,1913
1914,Medfra,2016,7930.3,5/29/2016 0:00,1914
1915,Berry Creek,2016,1676.6,5/29/2016 0:00,1915
1916,Chitanana River,2015,43199.9,6/21/2015 0:00,1916
1917,OTZ NNW 38,1977,113612.3,7/25/1977 0:00,1917
1918,King Salmon River 1,2015,2108.9,6/22/2015 0:00,1918
1919,Melozitna,2015,1728.2,6/20/2015 0:00,1919
1920,Dagislakhna,2015,9751.2,6/22/2015 0:00,1920
1921,Nethkahati,2016,2134.3,6/29/2016 0:00,1921
1922,Kutokbuna Lake,2015,11631.4,6/21/2015 0:00,1922
1923,Kilo,2015,25117,6/20/2015 0:00,1923
1924,Foraker,2015,1949.4,7/6/2015 0:00,1924
1925,Rock,2015,142650.4,6/19/2015 0:00,1925
1926,Sushgitit Hills,2015,276038.2,6/21/2015 0:00,1926
1927,Stink River,2015,2468.2,6/19/2015 0:00,1927
1928,Iditarod River,2015,75135.5,6/20/2015 0:00,1928
1929,High Creek,2016,14864.2,6/26/2016 0:00,1929
1930,SHALER,1971,64425.8,6/24/1971 0:00,1930
1931,Wasky 2,2005,64092.6,7/6/2005 0:00,1931
1932,Mauneluk River,2016,4424.3,7/1/2016 0:00,1932
1933,NOA,1971,20610.6,6/24/1971 0:00,1933
1934,Kwethluk River # 2,2015,23241.5,6/24/2015 0:00,1934
1935,Iron,2015,4148.5,6/21/2015 0:00,1935
1936,Coffee Creek,2015,6760.1,6/20/2015 0:00,1936
1937,Tip Creek,2015,3409.7,6/25/2015 0:00,1937
1938,Trail Creek,2015,29501.4,6/23/2015 0:00,1938
1939,Doestock Creek,2016,1261.3,7/13/2016 0:00,1939
1940,Mission Creek,2015,2369.6,6/22/2015 0:00,1940
1941,Rainbow,2015,14881.4,6/24/2015 0:00,1941
1942,Bare Mt,2015,33362.6,6/21/2015 0:00,1942
1943,Reindeer River,2015,13766.3,6/20/2015 0:00,1943
1944,Illinois Mine,2015,25687.5,6/22/2015 0:00,1944
1945,Fork,2015,1694.2,6/22/2015 0:00,1945
1946,Mingvk Lake,2015,21698,7/19/2015 0:00,1946
1947,Ophir Creek,2015,30928.4,6/23/2015 0:00,1947
1948,Sethkokna 2,2015,11357.2,7/4/2015 0:00,1948
1949,Khotol,2015,9453.2,6/22/2015 0:00,1949
1950,Long Lake,2015,27066.1,6/20/2015 0:00,1950
1951,Reindeer River,2016,8021.4,7/14/2016 0:00,1951
1952,Israthorak Creek,2016,6042.1,7/13/2016 0:00,1952
1953,Dishna River,2015,4480.1,6/23/2015 0:00,1953
1954,Fish Creek,2015,7464.2,6/20/2015 0:00,1954
1955,Wrench Lake,2015,6771.4,6/22/2015 0:00,1955
1956,Egavik,2015,10906.6,6/20/2015 0:00,1956
1957,Harper Bend,2015,43377.9,6/21/2015 0:00,1957
1958,Little Moose,2015,4897,6/20/2015 0:00,1958
1959,Dennis,2015,3394.6,7/6/2015 0:00,1959
1960,Can Creek,2015,48728.3,6/1/2015 0:00,1960
1961,Kaiyuh,2015,6500.8,6/19/2015 0:00,1961
1962,Fox Creek,2015,5797.7,6/20/2015 0:00,1962
1963,Wulik River,2015,1744.7,7/24/2015 0:00,1963
1964,Wapoo,2015,10109.2,6/26/2015 0:00,1964
1965,Tozitna,2015,78212.5,6/21/2015 0:00,1965
1966,Hook Creek,2016,8606.4,7/13/2016 0:00,1966
1967,Chilikadrotna River,2016,1493.9,7/15/2016 0:00,1967
1968,Yukon Creek 2,2015,7563.2,6/22/2015 0:00,1968
1969,Fog River,2015,35579.7,6/20/2015 0:00,1969
1970,Camp Creek,2015,13556.3,6/21/2015 0:00,1970
1971,Chichitnok River,2015,3879,6/22/2015 0:00,1971
1972,Nulato River 3,2015,1108.8,6/21/2015 0:00,1972
1973,Innoko River,2015,8660.9,6/3/2015 0:00,1973
1974,South Fork,2015,4692.5,6/22/2015 0:00,1974
1975,Little Black,2015,2060.1,7/5/2015 0:00,1975
1976,Huslia River,2016,6505.5,7/14/2016 0:00,1976
1977,Birch Creek 2,2015,16107,6/14/2015 0:00,1977
1978,Foraker River,2015,1043.1,6/21/2015 0:00,1978
1979,Moose Point,2015,13775.7,6/20/2015 0:00,1979
1980,Pontag Creek,2015,39042.9,6/23/2015 0:00,1980
1981,Chitanatala,2015,12461.1,6/20/2015 0:00,1981
1982,Blazo,2015,121339.2,6/19/2015 0:00,1982
1983,Anaconda Creek,2015,1091,6/20/2015 0:00,1983
1984,Chahalie Lake,2015,6246.1,6/23/2015 0:00,1984
1985,Titna,2015,30678.1,6/25/2015 0:00,1985
1986,Sischu,2015,8236.1,6/29/2015 0:00,1986
1987,Blind River,2015,60806.6,6/22/2015 0:00,1987
1988,Spicer Creek,2015,98247.1,6/19/2015 0:00,1988
1989,Whitefish Lake 1,2015,67777.3,5/31/2015 0:00,1989
1990,Whitefish Lake 2,2015,1000.4,5/31/2015 0:00,1990
1991,Wrongtrail,2015,5609.4,6/22/2015 0:00,1991
1992,Lawson,2015,31089.9,6/29/2015 0:00,1992
1993,Iditarod River #2,2015,6110.1,6/25/2015 0:00,1993
1994,Kuka Creek 4,2015,41628.2,6/22/2015 0:00,1994
1995,Quinn Creek,2015,4946.7,6/20/2015 0:00,1995
1996,Isahultila,2015,149359.3,6/21/2015 0:00,1996
1997,Chisana River  2,2015,39639.7,6/9/2015 0:00,1997
1998,Willow Creek,2015,5183.6,6/19/2015 0:00,1998
1999,Carlson Lake,2015,46545.3,6/25/2015 0:00,1999
2000,Big Mud River 1,2015,103967.5,6/21/2015 0:00,2000
2001,West Fork,2015,59532.5,6/19/2015 0:00,2001
2002,Dulbi River,2015,54503,6/19/2015 0:00,2002
2003,Hamlin Creek,2015,34851.3,6/22/2015 0:00,2003
2004,Our Creek,2015,30736.8,6/23/2015 0:00,2004
2005,Holtnakatna,2015,223154.1,6/22/2015 0:00,2005
2006,Black Sand,2015,12880.7,6/25/2015 0:00,2006
2007,Munsatli,2015,20942.8,6/22/2015 0:00,2007
2008,Lonestar,2015,6940.5,6/26/2015 0:00,2008
2009,McCormick,2015,21867.2,6/19/2015 0:00,2009
2010,Frisky Creek,2015,4156.6,7/2/2015 0:00,2010
2011,Beady,2015,4861.3,6/20/2015 0:00,2011
2012,Dennison Fork,2015,10708,6/22/2015 0:00,2012
2013,Gentian,2015,19920.7,6/22/2015 0:00,2013
2014,Beaver Creek,2015,3141.5,6/26/2015 0:00,2014
2015,Robinson Fork,2015,1199.3,6/20/2015 0:00,2015
2016,Sulukna,2015,16703.5,6/23/2015 0:00,2016
2017,Golsovia #3,2015,5432.1,6/20/2015 0:00,2017
2018,Tagagawik River,2015,1345.6,6/22/2015 0:00,2018
2019,Shaktoolik,2015,5459,6/22/2015 0:00,2019
2020,Derby Creek,2015,10481.2,6/20/2015 0:00,2020
2021,Deep Creek,2015,11589.7,6/27/2015 0:00,2021
2022,Klikitarik,2015,7680,6/20/2015 0:00,2022
2023,Nulato River 2,2015,4904,6/21/2015 0:00,2023
2024,Christian River #2,2015,15716.3,6/23/2015 0:00,2024
2025,Nulato River,2015,1003.5,6/21/2015 0:00,2025
2026,Nulato,2015,42402.8,6/21/2015 0:00,2026
2027,Sisters,2015,20049.2,6/20/2015 0:00,2027
2028,Golsovia River,2015,2697.9,6/20/2015 0:00,2028
2029,Bear Creek,2016,1033.1,7/15/2016 0:00,2029
2030,Glacier,2015,47333.2,6/23/2015 0:00,2030
2031,Cod Lake 3,2015,10661.1,7/6/2015 0:00,2031
2032,Steamboat Creek,2016,19719,7/15/2016 0:00,2032
2033,Folger Creek,2016,3077,7/13/2016 0:00,2033
2034,Ladue River,2009,23528.2,6/1/2009 0:00,2034
2035,Big Creek Two,2015,312918.2,6/22/2015 0:00,2035
2036,Holonada,2015,48176.1,6/22/2015 0:00,2036
2037,Moose Creek,2015,2865.4,6/25/2015 0:00,2037
2038,Siruk Creek,2016,1832,6/26/2016 0:00,2038
2039,Smith Creek,2016,5006.6,7/13/2016 0:00,2039
2040,White Lake,2015,6135.2,6/22/2015 0:00,2040
2041,2016 Louise Creek,2016,3131.8,5/3/2016 0:00,2041
2042,Bedrock Creek,2016,6548.5,7/3/2016 0:00,2042
2043,Hog,2016,58565.3,7/5/2016 0:00,2043
2044,Dulbi Flats,2016,58137.8,6/26/2016 0:00,2044
2045,Grouch,2015,13789.6,6/19/2015 0:00,2045
2046,Dome Creek,2015,2695.2,6/21/2015 0:00,2046
2047,Flint Creek,2015,35748.9,6/23/2015 0:00,2047
2048,Blair,2015,37597.3,6/20/2015 0:00,2048
2049,Baker,2015,24179.1,6/21/2015 0:00,2049
2050,Baathbakdizuni Creek,2015,32327.8,7/20/2015 0:00,2050
2051,Camp Creek,2016,1256.6,7/13/2016 0:00,2051
2052,Kuka Creek 3,2015,13932,6/22/2015 0:00,2052
2053,Aggie Creek,2015,31698.6,6/22/2015 0:00,2053
2054,Lower Reindeer Peak,2015,29047.7,6/22/2015 0:00,2054
2055,Kuka Creek 1,2015,9405.9,6/22/2015 0:00,2055
2056,Yukon Creek,2015,21492.9,6/22/2015 0:00,2056
2057,Bear Creek,2015,5774.7,6/22/2015 0:00,2057
2058,Hay Slough,2015,91444.1,6/21/2015 0:00,2058
2059,Hardpac Creek,2015,50773.7,6/21/2015 0:00,2059
2060,Munsatli 2,2015,100524,7/4/2015 0:00,2060
2061,Bear Island Lake,2015,2362.6,7/11/2015 0:00,2061
2062,Lloyd,2015,66267.9,6/23/2015 0:00,2062
2063,Falco,2015,4488.6,6/22/2015 0:00,2063
2064,Bering Creek,2015,112806.8,6/21/2015 0:00,2064
2065,Twin Creeks,2015,4861.9,8/27/2015 0:00,2065
2066,Torment Creek,2015,82432.2,6/20/2015 0:00,2066
2067,Three Day,2015,97303.3,6/19/2015 0:00,2067
2068,Big Creek,2016,2157.3,7/15/2016 0:00,2068
2069,Cape Espenbery,2015,1593.6,6/23/2015 0:00,2069
2070,Mt Schwatka,2015,11542.9,6/23/2015 0:00,2070
2071,AMBLER,1971,26953,6/24/1971 0:00,2071
2072,Wasky,2005,9171.9,7/3/2005 0:00,2072
2073,Kalakaket Creek,2015,1743.1,6/21/2015 0:00,2073
2074,Banddana Creek,2015,12409.5,6/19/2015 0:00,2074
2075,Paradise Fork,2016,1147.2,7/14/2016 0:00,2075
2076,Timber Creek,2016,9411.1,7/14/2016 0:00,2076
2077,Totson,2015,4223.7,6/22/2015 0:00,2077
2078,Mid Salcha,2016,1049.3,7/14/2016 0:00,2078
2079,South Fork George River,2016,1110,7/14/2016 0:00,2079
2080,Old Woman,2015,49182.4,6/20/2015 0:00,2080
2081,Melozitna,2016,1066.7,6/25/2016 0:00,2081
2082,Scow Harry # 2.,2015,4249.7,6/24/2015 0:00,2082
2083,Owhat River,2015,39550.4,6/24/2015 0:00,2083
2084,Poorman Creek,2015,16869.2,6/26/2015 0:00,2084
2085,Honeymoon,2015,2807.2,6/20/2015 0:00,2085
2086,Ungalik,2015,8289.9,6/23/2015 0:00,2086
2087,Little Mud River,2015,9527.4,6/24/2015 0:00,2087
2088,Christian River #3,2015,6659.6,6/23/2015 0:00,2088
2089,Maybe Creek,2015,8681,6/21/2015 0:00,2089
2090,Lost River,2015,52108.5,6/23/2015 0:00,2090
2091,Koyuk,2015,23271.6,6/22/2015 0:00,2091
2092,Ketlkede 3,2015,3932.2,6/22/2015 0:00,2092
2093,Selawik River,2015,8867.3,7/15/2015 0:00,2093
2094,Why Lake,2015,42766.9,6/19/2015 0:00,2094
2095,Healy Lake,2015,11473.6,6/16/2015 0:00,2095
2096,Allman Lake,2009,17904.2,6/13/2009 0:00,2096
2097,Nageethluk River,2009,5701.7,6/13/2009 0:00,2097
2098,Melogitna,2015,9592.8,6/25/2015 0:00,2098
2099,Michigan Creek,2015,9826.2,6/17/2015 0:00,2099
2100,Pauls Creek,2015,2518.6,6/20/2015 0:00,2100
2101,Rungun Creek,2015,1682.1,6/26/2015 0:00,2101
